SSN,site,cluster,plot,depthcode,depthtop,depthbottom,year,predsoc,predd13c,predtn,predpH,predsand,predclay,predexbas,predsilt
wa073349,kalamba,1,1,topsoil,0,20,2023,8.53,-19.49,1.0426,6.24,34.1,31.93,16.95,33.97
wa073350,kalamba,1,1,subsoil,20,50,2023,5.32,-20.14,0.9509,6.15,32.34,35.84,15.85,31.82
wa073351,kalamba,1,2,topsoil,0,20,2023,8.24,-18.68,0.632,5.89,17.32,64.97,8.19,17.71
wa073352,kalamba,1,2,subsoil,20,50,2023,5.89,-18.11,0.6411,5.65,25.29,56.68,7.26,18.029999
wa073353,kalamba,1,3,topsoil,0,20,2023,7.68,-22.51,0.71,6.2,22.3,57.53,7.25,20.169998
wa073354,kalamba,1,3,subsoil,20,50,2023,6.16,-19.73,0.6663,5.88,26.43,58.93,6.85,14.639999
wa073355,kalamba,1,4,topsoil,0,20,2023,7.52,-21.41,0.6489,7.3,37.81,45.84,10.1,16.349998
wa073356,kalamba,1,4,subsoil,20,50,2023,5.15,-20.1,0.5065,7.03,37.58,45.93,8.98,16.489998
wa073357,kalamba,1,5,topsoil,0,20,2023,13.45,-24.27,1.2483,6.56,33.16,44.07,10.6,22.770004
wa073358,kalamba,1,5,subsoil,20,50,2023,7.65,-21.66,0.8869,6.36,25.0,57.18,10.69,17.82
wa073359,kalamba,1,6,topsoil,0,20,2023,7.4,-17.69,0.6226,7.15,18.23,76.15,17.04,5.619995
wa073360,kalamba,1,6,subsoil,20,50,2023,6.76,-15.95,0.6881,6.24,15.67,72.29,16.49,12.040001
wa073361,kalamba,1,8,topsoil,0,20,2023,8.28,-22.53,0.7754,6.24,36.32,42.3,8.08,21.380005
wa073362,kalamba,1,8,subsoil,20,50,2023,7.49,-20.07,0.7361,6.26,27.22,55.28,8.49,17.5
wa073363,kalamba,1,9,topsoil,0,20,2023,7.56,-19.39,0.6484,5.94,23.96,58.41,8.24,17.630005
wa073364,kalamba,1,9,subsoil,20,50,2023,5.85,-16.4,0.5441,5.41,23.04,61.09,7.26,15.869995
wa073365,kalamba,1,10,topsoil,0,20,2023,6.91,-18.76,0.6818,6.14,22.16,64.49,6.74,13.350006
wa073366,kalamba,1,10,subsoil,20,50,2023,9.03,-21.66,0.7788,6.21,28.83,52.74,8.22,18.43
wa073367,kalamba,1,13,topsoil,0,20,2023,6.64,-21.59,0.5534,6.76,39.09,44.9,9.38,16.009995
wa073368,kalamba,1,13,subsoil,20,50,2023,6.22,-17.53,0.4547,6.36,31.85,51.73,9.44,16.419998
wa073369,kalamba,2,1,topsoil,0,20,2023,9.81,-21.31,0.9808,6.25,18.21,58.79,11.04,23.0
wa073370,kalamba,2,1,subsoil,20,50,2023,4.83,-17.26,0.6761,6.11,14.69,66.38,10.25,18.93
wa073371,kalamba,2,2,topsoil,0,20,2023,7.16,-22.52,0.6433,6.28,32.91,40.28,7.53,26.809998
wa073372,kalamba,2,2,subsoil,20,50,2023,6.31,-17.21,0.5917,6.63,20.16,51.95,11.27,27.89
wa073373,kalamba,2,3,topsoil,0,20,2023,5.8,-21.69,0.5521,6.37,37.87,38.52,7.61,23.61
wa073374,kalamba,2,3,subsoil,20,50,2023,7.05,-17.57,0.7349,6.07,29.88,52.99,9.2,17.129997
wa073375,kalamba,2,4,topsoil,0,20,2023,5.23,-17.75,0.688,5.47,11.03,74.49,5.8,14.480003
wa073376,kalamba,2,4,subsoil,20,50,2023,5.5,-16.48,0.7008,5.34,11.45,66.78,6.89,21.770004
wa073377,kalamba,2,5,topsoil,0,20,2023,4.2,-22.52,0.578,6.46,40.94,29.23,5.71,29.830002
wa073378,kalamba,2,5,subsoil,20,50,2023,4.37,-22.21,0.5729,6.76,34.69,35.69,7.28,29.620003
wa073379,kalamba,2,6,topsoil,0,20,2023,11.54,-19.13,1.1276,6.32,16.67,60.26,17.88,23.07
wa073380,kalamba,2,6,subsoil,20,50,2023,12.73,-16.69,0.905,6.2,12.99,63.2,18.78,23.809998
wa073381,kalamba,2,7,topsoil,0,20,2023,16.47,-20.28,1.4765,6.17,27.11,39.32,17.61,33.57
wa073382,kalamba,2,7,subsoil,20,50,2023,9.27,-18.64,0.8573,6.52,32.07,40.95,13.29,26.979996
wa073383,kalamba,2,8,topsoil,0,20,2023,13.81,-25.45,1.0695,6.61,28.56,54.32,12.86,17.120003
wa073384,kalamba,2,8,subsoil,20,50,2023,8.04,-22.02,0.7177,6.82,30.34,56.19,9.04,13.470001
wa073385,kalamba,2,9,topsoil,0,20,2023,6.73,-20.89,0.5038,6.05,28.07,56.14,6.85,15.790001
wa073386,kalamba,2,9,subsoil,20,50,2023,4.87,-20.21,0.4302,5.97,26.51,52.83,6.94,20.659996
wa073387,kalamba,2,10,topsoil,0,20,2023,3.83,-22.59,0.4319,6.51,58.17,22.97,3.15,18.86
wa073388,kalamba,2,10,subsoil,20,50,2023,3.54,-22.8,0.3905,6.69,47.68,23.99,3.03,28.330002
wa073389,kalamba,3,1,topsoil,0,20,2023,13.52,-19.6,1.3147,5.92,21.31,55.18,12.86,23.510002
wa073390,kalamba,3,1,subsoil,20,50,2023,9.86,-17.17,0.6703,6.26,10.5,57.9,15.21,31.599998
wa073391,kalamba,3,2,topsoil,0,20,2023,9.3,-21.01,1.1532,6.21,32.47,46.53,6.1,21.0
wa073392,kalamba,3,2,subsoil,20,50,2023,6.95,-17.66,0.826,6.09,28.79,46.38,9.3,24.830002
wa073393,kalamba,3,3,topsoil,0,20,2023,8.46,-21.81,0.5941,7.6,32.51,24.01,13.57,43.480003
wa073394,kalamba,3,3,subsoil,20,50,2023,6.5,-15.35,0.6432,7.23,34.15,35.18,23.86,30.669998
wa073395,kalamba,3,4,topsoil,0,20,2023,6.52,-19.98,0.7809,6.02,29.55,53.1,9.16,17.350006
wa073396,kalamba,3,4,subsoil,20,50,2023,4.73,-17.87,0.5782,5.87,26.56,42.73,8.92,30.71
wa073397,kalamba,3,5,topsoil,0,20,2023,10.27,-19.3,0.9616,5.99,23.12,51.61,13.75,25.269997
wa073398,kalamba,3,5,subsoil,20,50,2023,6.79,-17.5,0.7256,5.85,22.19,50.41,11.76,27.400002
wa073399,kalamba,3,6,topsoil,0,20,2023,6.04,-20.75,0.7332,6.26,39.44,27.45,8.83,33.11
wa073400,kalamba,3,6,subsoil,20,50,2023,7.96,-17.65,0.7799,5.98,41.25,36.14,14.91,22.61
wa073401,kalamba,3,7,topsoil,0,20,2023,10.53,-21.78,1.0071,6.77,20.0,54.59,12.55,25.410004
wa073402,kalamba,3,7,subsoil,20,50,2023,8.13,-21.19,0.7626,6.3,23.95,55.27,8.36,20.779999
wa073403,kalamba,3,8,topsoil,0,20,2023,12.53,-17.77,1.0049,6.57,25.36,48.46,17.75,26.18
wa073404,kalamba,3,8,subsoil,20,50,2023,10.56,-16.37,0.8827,6.26,23.27,56.06,18.84,20.669998
wa073405,kalamba,3,10,topsoil,0,20,2023,5.44,-18.78,0.7001,5.93,41.38,29.12,9.28,29.5
wa073406,kalamba,3,10,subsoil,20,50,2023,6.67,-17.35,0.6438,5.87,39.11,40.5,10.77,20.39
wa073407,kalamba,4,4,topsoil,0,20,2023,43.28,-25.51,2.6251,4.64,22.03,48.24,5.95,29.729996
wa073408,kalamba,4,4,subsoil,20,50,2023,32.71,-25.15,1.8059,4.73,16.87,50.99,8.59,32.14
wa073409,kalamba,4,5,topsoil,0,20,2023,37.65,-22.02,2.5213,4.61,13.69,68.67,5.8,17.64
wa073410,kalamba,4,5,subsoil,20,50,2023,32.04,-21.51,2.0414,4.78,10.72,72.04,5.68,17.239998
wa073411,kalamba,4,6,topsoil,0,20,2023,30.58,-25.08,1.7711,4.89,14.84,63.03,7.83,22.130005
wa073412,kalamba,4,6,subsoil,20,50,2023,32.18,-24.73,1.9409,4.96,14.09,66.16,5.6,19.75
wa073413,kalamba,4,8,topsoil,0,20,2023,37.32,-23.67,2.1157,5.14,25.4,53.46,4.35,21.14
wa073414,kalamba,4,9,topsoil,0,20,2023,36.17,-25.67,2.0511,5.29,35.18,50.16,4.09,14.660004
wa073415,kalamba,4,9,subsoil,20,50,2023,20.37,-23.63,1.0949,5.04,21.02,54.35,3.4,24.630005
wa073416,kalamba,4,10,topsoil,0,20,2023,33.89,-23.7,1.4953,5.13,27.67,53.08,5.01,19.25
wa073417,kalamba,4,10,subsoil,20,50,2023,19.06,-20.7,1.1648,4.98,17.41,61.55,4.54,21.04
wa073418,kalamba,4,12,topsoil,0,20,2023,52.06,-24.46,3.4366,4.45,19.1,56.3,9.06,24.599998
wa073419,kalamba,4,12,subsoil,20,50,2023,33.34,-23.46,1.5971,4.89,13.75,71.55,8.55,14.699997
wa073420,kalamba,4,13,subsoil,20,50,2023,40.55,-24.09,2.8585,4.55,15.18,64.68,6.92,20.14
wa073421,kalamba,5,1,topsoil,0,20,2023,10.43,-20.17,0.9767,5.43,19.4,59.94,8.84,20.660004
wa073422,kalamba,5,1,subsoil,20,50,2023,6.84,-15.11,0.6572,5.05,17.7,59.97,5.57,22.330002
wa073423,kalamba,5,2,topsoil,0,20,2023,5.1,-21.59,0.5216,6.26,42.21,34.62,6.86,23.169998
wa073424,kalamba,5,2,subsoil,20,50,2023,5.99,-19.07,0.5028,6.29,30.95,58.53,10.07,10.520004
wa073425,kalamba,5,3,topsoil,0,20,2023,8.59,-19.0,0.6341,6.62,20.55,50.82,8.04,28.630005
wa073426,kalamba,5,3,subsoil,20,50,2023,6.39,-16.82,0.5598,5.71,22.07,69.09,6.7,8.840004
wa073427,kalamba,5,4,topsoil,0,20,2023,7.58,-21.17,0.5863,6.5,32.46,44.2,9.06,23.339996
wa073428,kalamba,5,4,subsoil,20,50,2023,6.19,-18.77,0.4462,6.56,30.29,54.12,10.76,15.589996
wa073429,kalamba,5,5,topsoil,0,20,2023,10.38,-20.25,0.8717,6.43,37.1,43.93,14.82,18.970001
wa073430,kalamba,5,5,subsoil,20,50,2023,10.17,-14.83,0.7906,6.15,17.69,57.41,18.39,24.900002
wa073431,kalamba,5,6,topsoil,0,20,2023,6.63,-18.13,0.4754,5.8,29.72,58.07,6.97,12.209999
wa073432,kalamba,5,6,subsoil,20,50,2023,5.13,-18.17,0.5204,5.81,19.46,62.6,5.53,17.940002
wa073433,kalamba,5,7,topsoil,0,20,2023,8.05,-20.94,0.6099,6.52,28.71,51.49,9.69,19.800003
wa073434,kalamba,5,7,subsoil,20,50,2023,5.06,-18.46,0.4648,6.27,22.3,62.54,10.56,15.160004
wa073435,kalamba,5,8,topsoil,0,20,2023,2.1,-20.46,0.3911,6.09,56.84,18.5,2.83,24.660004
wa073436,kalamba,5,8,subsoil,20,50,2023,2.5,-19.03,0.3585,5.68,38.25,28.49,3.49,33.260002
wa073437,kalamba,5,9,topsoil,0,20,2023,8.59,-19.66,0.869,6.31,29.27,49.55,10.75,21.18
wa073438,kalamba,5,9,subsoil,20,50,2023,6.39,-17.32,0.6251,6.0,29.05,54.63,10.42,16.32
wa073439,kalamba,5,10,topsoil,0,20,2023,5.15,-18.64,0.6141,6.04,40.71,24.95,5.55,34.339996
wa073440,kalamba,5,10,subsoil,20,50,2023,6.83,-18.48,0.5388,5.9,40.78,30.72,8.02,28.5
wa073441,kalamba,6,1,topsoil,0,20,2023,8.56,-18.16,0.8688,6.05,14.01,70.46,8.16,15.529999
wa073442,kalamba,6,1,subsoil,20,50,2023,7.22,-16.65,0.7469,5.61,11.11,66.08,6.91,22.809998
wa073443,kalamba,6,2,topsoil,0,20,2023,8.09,-19.69,0.6583,6.01,37.87,41.09,7.68,21.04
wa073444,kalamba,6,2,subsoil,20,50,2023,9.68,-17.75,0.7502,6.06,20.32,57.35,11.31,22.330002
wa073445,kalamba,6,3,topsoil,0,20,2023,4.11,-20.61,0.5532,6.3,49.42,23.67,4.92,26.910004
wa073446,kalamba,6,3,subsoil,20,50,2023,5.01,-19.66,0.5757,5.94,40.77,34.75,6.67,24.479996
wa073447,kalamba,6,4,topsoil,0,20,2023,9.14,-20.32,0.8796,6.65,19.11,64.18,10.79,16.71
wa073448,kalamba,6,4,subsoil,20,50,2023,6.74,-18.64,0.724,6.05,24.83,68.85,8.8,6.3199997
wa073449,kalamba,6,5,topsoil,0,20,2023,12.37,-22.42,0.9752,6.52,17.82,58.84,11.92,23.339996
wa073450,kalamba,6,5,subsoil,20,50,2023,6.58,-19.76,0.6361,6.43,23.63,59.84,11.19,16.529999
wa073451,kalamba,6,6,topsoil,0,20,2023,8.71,-18.08,0.6795,6.16,23.95,55.12,9.48,20.93
wa073452,kalamba,6,6,subsoil,20,50,2023,6.35,-18.45,0.6235,5.96,27.1,52.74,8.75,20.159996
wa073453,kalamba,6,7,topsoil,0,20,2023,17.98,-23.56,1.535,6.91,24.23,39.88,11.07,35.89
wa073454,kalamba,6,7,subsoil,20,50,2023,8.38,-20.95,0.8706,6.94,23.14,48.74,10.02,28.119995
wa073455,kalamba,6,8,topsoil,0,20,2023,9.49,-20.54,0.8879,6.23,21.0,76.21,8.07,2.790001
wa073456,kalamba,6,8,subsoil,20,50,2023,9.2,-18.56,0.8251,5.95,12.82,70.03,12.82,17.150002
wa073457,kalamba,6,10,topsoil,0,20,2023,9.48,-20.29,0.8233,6.24,16.63,69.18,7.24,14.190002
wa073458,kalamba,6,10,subsoil,20,50,2023,8.48,-17.08,0.6915,6.1,15.33,67.39,8.28,17.279999
wa073459,kalamba,6,11,topsoil,0,20,2023,6.43,-21.64,0.5329,5.95,39.7,42.77,6.8,17.529999
wa073460,kalamba,6,11,subsoil,20,50,2023,6.51,-16.97,0.6045,6.14,23.16,54.68,12.19,22.160004
wa073461,kalamba,7,1,topsoil,0,20,2023,4.28,-20.14,0.5878,7.46,42.26,39.63,15.15,18.11
wa073462,kalamba,7,1,subsoil,20,50,2023,3.65,-20.12,0.5508,7.88,41.71,40.05,18.4,18.240005
wa073463,kalamba,7,2,topsoil,0,20,2023,9.73,-21.37,0.9986,6.09,26.38,57.65,6.44,15.970001
wa073464,kalamba,7,2,subsoil,20,50,2023,4.43,-18.59,0.5755,6.26,22.75,49.81,9.79,27.440002
wa073465,kalamba,7,3,topsoil,0,20,2023,6.29,-19.43,0.7103,6.23,15.65,63.28,10.57,21.07
wa073466,kalamba,7,3,subsoil,20,50,2023,4.35,-19.15,0.5423,5.89,19.08,61.26,7.93,19.660004
wa073467,kalamba,7,4,topsoil,0,20,2023,8.83,-19.94,0.7412,6.13,24.59,54.38,7.02,21.029999
wa073468,kalamba,7,5,topsoil,0,20,2023,10.99,-20.7,1.0744,5.91,16.47,56.79,8.11,26.739998
wa073469,kalamba,7,5,subsoil,20,50,2023,8.17,-18.49,0.8374,6.12,25.71,71.45,7.5,2.840004
wa073470,kalamba,7,6,topsoil,0,20,2023,9.77,-24.34,0.6895,6.48,37.5,39.98,5.45,22.520004
wa073471,kalamba,7,6,subsoil,20,50,2023,6.2,-19.84,0.5402,6.19,32.25,50.31,7.2,17.440002
wa073472,kalamba,7,7,topsoil,0,20,2023,10.08,-21.47,0.8085,6.24,31.1,45.66,7.6,23.239998
wa073473,kalamba,7,7,subsoil,20,50,2023,7.27,-20.42,0.63,5.9,16.92,56.93,7.21,26.150002
wa073474,kalamba,7,8,topsoil,0,20,2023,7.73,-20.16,0.7303,5.95,20.97,53.98,7.23,25.050003
wa073475,kalamba,7,8,subsoil,20,50,2023,5.25,-18.91,0.5585,5.73,25.01,49.46,6.98,25.529999
wa073476,kalamba,7,9,topsoil,0,20,2023,17.0,-24.63,1.5754,5.94,24.07,53.8,8.89,22.130005
wa073477,kalamba,7,9,subsoil,20,50,2023,10.43,-19.63,0.9135,6.24,19.72,60.03,10.53,20.25
wa073478,kalamba,7,10,topsoil,0,20,2023,4.76,-22.0,0.5513,5.79,42.7,35.27,5.02,22.029999
wa073479,kalamba,7,10,subsoil,20,50,2023,6.29,-18.32,0.6029,5.53,25.94,51.08,7.81,22.979996
wa073480,kalamba,8,1,topsoil,0,20,2023,4.22,-20.8,0.5623,5.74,36.91,39.05,7.56,24.04
wa073481,kalamba,8,1,subsoil,20,50,2023,4.2,-21.25,0.4438,6.01,39.0,39.57,8.72,21.43
wa073482,kalamba,8,2,topsoil,0,20,2023,9.19,-24.05,1.2253,7.09,34.29,36.02,14.42,29.690002
wa073483,kalamba,8,2,subsoil,20,50,2023,7.78,-21.52,0.8931,7.21,35.21,39.3,18.27,25.490005
wa073484,kalamba,8,3,topsoil,0,20,2023,7.23,-20.76,0.5499,6.02,31.63,49.87,8.11,18.5
wa073485,kalamba,8,3,subsoil,20,50,2023,5.86,-16.66,0.64,6.1,20.69,52.38,10.23,26.93
wa073486,kalamba,8,4,topsoil,0,20,2023,3.95,-23.51,0.51,5.63,41.26,28.98,3.35,29.760002
wa073487,kalamba,8,4,subsoil,20,50,2023,2.66,-23.66,0.3234,5.58,46.73,23.34,2.9,29.93
wa073488,kalamba,8,5,topsoil,0,20,2023,6.31,-21.53,0.7514,5.69,38.52,35.12,6.8,26.36
wa073489,kalamba,8,5,subsoil,20,50,2023,4.45,-19.79,0.6052,5.7,38.48,40.46,8.46,21.059998
wa073490,kalamba,8,7,topsoil,0,20,2023,8.56,-24.09,0.7342,6.38,47.84,24.11,10.22,28.050003
wa073491,kalamba,8,7,subsoil,20,50,2023,6.41,-23.23,0.8275,6.4,37.1,26.18,10.32,36.72
wa073492,kalamba,8,8,topsoil,0,20,2023,9.19,-22.53,0.9707,6.11,37.02,41.08,9.15,21.899994
wa073493,kalamba,8,8,subsoil,20,50,2023,7.08,-22.33,0.7575,5.89,29.56,47.04,9.87,23.400002
wa073494,kalamba,8,10,topsoil,0,20,2023,6.83,-24.38,0.7744,6.51,38.68,33.01,7.64,28.309998
wa073495,kalamba,8,10,subsoil,20,50,2023,4.56,-22.96,0.4281,5.94,51.29,28.11,5.22,20.599998
wa073496,kalamba,8,12,topsoil,0,20,2023,12.92,-23.08,0.8638,6.0,16.8,53.91,11.22,29.29
wa073497,kalamba,8,12,subsoil,20,50,2023,4.29,-20.6,0.6148,6.28,30.45,48.28,8.37,21.270004
wa073498,kalamba,8,15,topsoil,0,20,2023,13.65,-21.54,1.0937,5.9,29.04,48.74,8.08,22.220001
wa073499,kalamba,8,15,subsoil,20,50,2023,4.44,-16.52,0.6461,5.51,19.08,59.41,8.85,21.510002
wa073500,kalamba,9,1,topsoil,0,20,2023,74.45,-25.01,4.2241,4.68,22.18,48.07,15.2,29.75
wa073501,kalamba,9,1,subsoil,20,50,2023,58.43,-25.08,3.4702,4.71,19.3,49.06,14.8,31.64
wa073502,kalamba,9,2,topsoil,0,20,2023,60.39,-27.17,4.175,5.19,28.58,43.92,22.64,27.5
wa073503,kalamba,9,2,subsoil,20,50,2023,38.53,-26.64,2.9294,5.27,24.57,49.55,19.2,25.880005
wa073504,kalamba,9,3,topsoil,0,20,2023,43.74,-23.58,3.1156,6.05,36.33,38.33,18.11,25.339996
wa073505,kalamba,9,3,subsoil,20,50,2023,29.5,-21.04,2.0538,5.53,24.95,45.22,12.36,29.830002
wa073506,kalamba,9,5,topsoil,0,20,2023,41.43,-23.68,2.9458,5.58,14.32,59.25,15.8,26.43
wa073507,kalamba,9,5,subsoil,20,50,2023,28.71,-23.91,1.2301,5.59,16.83,53.23,6.51,29.940002
wa073508,kalamba,9,6,topsoil,0,20,2023,30.52,-22.53,1.9633,5.78,44.21,31.24,11.7,24.550003
wa073509,kalamba,9,6,subsoil,20,50,2023,11.5,-21.21,0.689,5.74,29.97,46.6,5.93,23.43
wa073510,kalamba,9,7,topsoil,0,20,2023,34.51,-25.1,2.4283,5.61,27.91,39.13,19.2,32.96
wa073511,kalamba,9,7,subsoil,20,50,2023,8.69,-22.06,0.8408,5.86,23.92,51.62,9.31,24.46
wa073512,kalamba,9,8,topsoil,0,20,2023,41.15,-25.47,2.3771,5.45,16.94,59.29,15.21,23.769997
wa073513,kalamba,9,8,subsoil,20,50,2023,24.23,-22.91,1.2816,4.93,11.12,66.17,5.0,22.71
wa073514,kalamba,9,10,topsoil,0,20,2023,56.41,-24.86,3.9297,4.81,16.63,60.52,10.88,22.849998
wa073515,kalamba,9,10,subsoil,20,50,2023,41.45,-24.62,2.9853,4.82,11.29,72.55,7.52,16.159996
wa073516,kalamba,9,12,topsoil,0,20,2023,36.48,-24.19,2.6385,5.43,23.91,49.23,12.86,26.86
wa073517,kalamba,9,12,subsoil,20,50,2023,21.23,-23.26,1.3474,5.4,22.27,48.25,7.26,29.479996
wa073518,kalamba,9,15,topsoil,0,20,2023,62.31,-24.84,4.1999,4.65,23.51,47.25,17.61,29.239998
wa073519,kalamba,9,15,subsoil,20,50,2023,40.45,-22.79,2.0944,4.88,12.8,67.33,7.51,19.869995
wa073520,kalamba,10,1,topsoil,0,20,2023,9.33,-21.76,0.7672,6.19,21.27,66.52,5.9,12.210007
wa073521,kalamba,10,1,subsoil,20,50,2023,5.64,-22.92,0.5787,5.9,28.88,44.84,4.67,26.279999
wa073522,kalamba,10,2,topsoil,0,20,2023,10.59,-23.55,0.7748,6.06,15.52,55.49,8.13,28.989998
wa073523,kalamba,10,2,subsoil,20,50,2023,4.9,-20.82,0.6182,5.29,17.34,67.76,7.31,14.899994
wa073524,kalamba,10,3,topsoil,0,20,2023,6.4,-20.34,0.5473,6.42,44.94,35.37,4.58,19.690002
wa073525,kalamba,10,4,topsoil,0,20,2023,5.68,-18.15,0.7585,6.03,46.5,36.53,8.89,16.970001
wa073526,kalamba,10,4,subsoil,20,50,2023,4.79,-20.09,0.5759,6.3,37.24,38.04,10.33,24.720001
wa073527,kalamba,10,5,topsoil,0,20,2023,11.88,-20.35,1.0624,5.0,13.34,70.55,5.85,16.11
wa073528,kalamba,10,5,subsoil,20,50,2023,6.83,-19.8,0.8779,5.05,13.07,66.04,5.05,20.89
wa073529,kalamba,10,6,topsoil,0,20,2023,13.57,-21.56,0.8959,5.74,15.71,55.21,7.5,29.080002
wa073530,kalamba,10,6,subsoil,20,50,2023,8.9,-22.39,0.698,5.85,15.38,50.31,7.84,34.309998
wa073531,kalamba,10,7,topsoil,0,20,2023,9.8,-17.7,0.9254,5.88,28.29,50.45,12.46,21.259995
wa073532,kalamba,10,7,subsoil,20,50,2023,8.47,-17.02,0.8571,6.0,26.97,50.99,13.84,22.04
wa073533,kalamba,10,8,topsoil,0,20,2023,13.15,-22.91,0.9497,6.26,32.58,47.24,10.43,20.179993
wa073534,kalamba,10,8,subsoil,20,50,2023,7.05,-18.27,0.6469,5.62,27.91,50.93,6.42,21.160004
wa073535,kalamba,10,10,topsoil,0,20,2023,9.66,-21.91,0.8912,6.19,33.5,46.2,10.47,20.300003
wa073536,kalamba,10,10,subsoil,20,50,2023,6.77,-21.79,0.7191,6.37,33.9,44.62,10.91,21.479996
wa073537,kalamba,10,11,subsoil,20,50,2023,4.39,-19.89,0.6396,5.2,36.53,40.78,3.21,22.690002
wa073538,kalamba,11,1,topsoil,0,20,2023,9.33,-21.38,0.7704,6.6,22.45,57.32,12.52,20.229996
wa073539,kalamba,11,1,subsoil,20,50,2023,7.4,-21.46,0.6038,6.54,28.84,58.77,14.98,12.389999
wa073540,kalamba,11,3,topsoil,0,20,2023,6.73,-20.47,0.6122,6.68,37.34,48.97,8.22,13.690002
wa073541,kalamba,11,3,subsoil,20,50,2023,5.3,-17.86,0.5017,6.22,29.19,53.94,10.7,16.870003
wa073542,kalamba,11,4,topsoil,0,20,2023,5.59,-22.84,0.6675,6.46,51.24,26.88,5.6,21.879997
wa073543,kalamba,11,4,subsoil,20,50,2023,3.05,-21.96,0.3828,6.73,47.78,20.68,3.38,31.54
wa073544,kalamba,11,6,topsoil,0,20,2023,6.31,-20.55,0.5705,6.4,41.07,47.47,6.95,11.459999
wa073545,kalamba,11,6,subsoil,20,50,2023,4.45,-19.86,0.3629,6.06,39.49,49.21,6.78,11.300003
wa073546,kalamba,11,7,topsoil,0,20,2023,8.8,-19.73,0.887,6.06,32.02,52.96,9.32,15.020004
wa073547,kalamba,11,7,subsoil,20,50,2023,8.92,-16.93,0.8791,6.01,19.3,60.42,12.78,20.279999
wa073548,kalamba,11,8,topsoil,0,20,2023,5.03,-18.53,0.5696,5.7,38.63,42.08,6.12,19.289993
wa073549,kalamba,11,8,subsoil,20,50,2023,2.98,-18.42,0.5238,5.82,36.14,42.74,5.45,21.119995
wa073550,kalamba,11,9,topsoil,0,20,2023,6.64,-21.89,0.7297,7.22,35.31,35.5,9.49,29.190002
wa073551,kalamba,11,9,subsoil,20,50,2023,4.18,-22.38,0.395,6.48,46.81,32.96,5.22,20.229996
wa073552,kalamba,11,10,topsoil,0,20,2023,9.63,-20.04,0.6611,5.87,48.36,30.76,9.6,20.879997
wa073553,kalamba,11,10,subsoil,20,50,2023,6.44,-16.39,0.5804,5.72,41.84,39.16,11.73,19.0
wa073554,kalamba,11,13,topsoil,0,20,2023,8.2,-21.35,0.7015,7.1,30.74,46.95,12.27,22.309998
wa073555,kalamba,11,13,subsoil,20,50,2023,5.34,-19.41,0.5526,6.85,26.27,41.65,8.05,32.08
wa073556,kalamba,11,14,topsoil,0,20,2023,5.61,-21.97,0.6989,7.17,39.33,36.77,9.63,23.899994
wa073557,kalamba,11,14,subsoil,20,50,2023,7.02,-18.3,0.7378,6.84,24.76,43.93,12.4,31.309998
wa073558,kalamba,12,1,topsoil,0,20,2023,9.11,-17.36,0.8489,5.62,12.6,69.28,8.66,18.120003
wa073559,kalamba,12,1,subsoil,20,50,2023,5.73,-16.87,0.7242,5.33,11.33,74.57,7.72,14.099998
wa073560,kalamba,12,2,topsoil,0,20,2023,14.37,-21.83,1.1695,6.31,30.84,25.25,9.29,43.91
wa073561,kalamba,12,2,subsoil,20,50,2023,4.17,-21.67,0.5696,6.32,45.77,32.4,6.01,21.830002
wa073562,kalamba,12,3,topsoil,0,20,2023,10.34,-20.27,0.8411,7.12,22.74,53.13,14.51,24.129997
wa073563,kalamba,12,3,subsoil,20,50,2023,6.74,-18.56,0.5754,6.25,26.33,58.81,11.85,14.860001
wa073564,kalamba,12,4,topsoil,0,20,2023,8.82,-23.33,0.4714,6.35,47.59,21.06,5.53,31.349998
wa073565,kalamba,12,4,subsoil,20,50,2023,2.2,-22.16,0.2587,6.35,58.01,17.1,3.25,24.89
wa073566,kalamba,12,5,topsoil,0,20,2023,10.52,-20.07,1.042,6.2,37.39,36.73,11.22,25.880005
wa073567,kalamba,12,5,subsoil,20,50,2023,7.56,-18.36,0.7102,6.26,32.22,44.38,9.82,23.399994
wa073568,kalamba,12,6,topsoil,0,20,2023,8.29,-21.22,0.6924,6.69,37.6,43.65,11.24,18.75
wa073569,kalamba,12,6,subsoil,20,50,2023,7.35,-15.5,0.5937,6.24,28.3,53.3,11.33,18.400002
wa073570,kalamba,12,7,topsoil,0,20,2023,8.76,-19.76,0.7824,6.38,46.39,35.76,10.96,17.850006
wa073571,kalamba,12,7,subsoil,20,50,2023,9.42,-18.67,0.8774,6.68,37.91,39.83,11.55,22.259995
wa073572,kalamba,12,8,topsoil,0,20,2023,9.43,-21.01,0.745,6.48,40.22,44.71,10.17,15.07
wa073573,kalamba,12,8,subsoil,20,50,2023,7.08,-19.13,0.6987,6.07,26.33,47.65,10.45,26.019997
wa073574,kalamba,12,9,topsoil,0,20,2023,12.87,-23.31,1.187,7.12,20.81,54.33,16.87,24.86
wa073575,kalamba,12,9,subsoil,20,50,2023,8.18,-23.96,0.8417,6.91,21.13,44.85,18.62,34.020004
wa073576,kalamba,12,10,topsoil,0,20,2023,6.84,-21.56,0.7816,6.57,38.28,34.92,9.17,26.800003
wa073577,kalamba,12,10,subsoil,20,50,2023,8.72,-18.74,0.721,6.41,30.44,42.5,9.14,27.059998
wa073578,kalamba,13,1,topsoil,0,20,2023,8.61,-21.58,1.0905,6.23,41.83,30.73,13.13,27.440002
wa073579,kalamba,13,1,subsoil,20,50,2023,8.07,-20.56,1.0222,5.91,38.89,28.05,11.72,33.059998
wa073580,kalamba,13,2,topsoil,0,20,2023,12.87,-22.18,1.5177,5.97,30.74,48.63,13.28,20.629997
wa073581,kalamba,13,2,subsoil,20,50,2023,9.33,-19.36,0.9687,5.92,18.27,52.75,13.1,28.979996
wa073582,kalamba,13,3,topsoil,0,20,2023,11.44,-20.47,1.2883,5.96,37.15,34.61,14.05,28.239998
wa073583,kalamba,13,3,subsoil,20,50,2023,5.79,-20.54,0.7964,5.74,36.45,35.99,8.03,27.559998
wa073584,kalamba,13,4,topsoil,0,20,2023,9.19,-16.74,0.7486,6.04,30.98,39.8,21.76,29.220001
wa073585,kalamba,13,4,subsoil,20,50,2023,5.89,-18.42,0.8619,6.32,26.91,40.67,15.32,32.42
wa073586,kalamba,13,5,topsoil,0,20,2023,12.96,-21.69,1.4422,5.87,36.45,45.1,12.01,18.449997
wa073587,kalamba,13,5,subsoil,20,50,2023,9.3,-16.83,1.2031,5.75,21.85,51.94,13.64,26.21
wa073588,kalamba,13,6,topsoil,0,20,2023,11.05,-21.92,1.1522,5.92,41.04,23.81,11.7,35.15
wa073589,kalamba,13,7,topsoil,0,20,2023,14.37,-17.23,1.3309,6.15,14.54,57.22,15.89,28.239998
wa073590,kalamba,13,7,subsoil,20,50,2023,8.24,-16.94,0.7272,6.17,14.13,63.88,15.01,21.989998
wa073591,kalamba,13,8,topsoil,0,20,2023,21.91,-21.38,1.9225,6.52,41.38,33.29,21.18,25.330002
wa073592,kalamba,13,8,subsoil,20,50,2023,9.47,-19.46,1.0607,6.1,43.04,30.19,8.67,26.769997
wa073593,kalamba,13,9,topsoil,0,20,2023,10.44,-22.96,1.1364,6.33,31.9,31.67,9.18,36.43
wa073594,kalamba,13,9,subsoil,20,50,2023,7.99,-22.59,0.9866,5.77,35.37,33.36,8.04,31.270004
wa073595,kalamba,13,10,topsoil,0,20,2023,7.1,-18.98,0.656,5.75,33.42,45.92,8.04,20.660004
wa073596,kalamba,13,10,subsoil,20,50,2023,5.12,-18.16,0.5546,5.85,40.06,43.88,7.58,16.059998
wa073597,kalamba,14,1,topsoil,0,20,2023,12.09,-22.0,1.2323,5.8,34.94,43.51,10.04,21.550003
wa073598,kalamba,14,1,subsoil,20,50,2023,8.02,-19.18,0.7849,5.65,19.79,49.83,11.38,30.379997
wa073599,kalamba,14,2,topsoil,0,20,2023,8.5,-23.57,1.3308,6.01,37.07,28.84,10.22,34.089996
wa073600,kalamba,14,2,subsoil,20,50,2023,4.59,-21.22,0.4676,6.19,39.92,25.38,13.15,34.700005
wa073601,kalamba,14,3,topsoil,0,20,2023,10.4,-23.02,1.2092,6.12,42.36,28.02,9.84,29.619995
wa073602,kalamba,14,3,subsoil,20,50,2023,4.91,-22.33,0.7662,5.06,40.86,26.66,5.17,32.479996
wa073603,kalamba,14,4,topsoil,0,20,2023,12.84,-23.22,1.4365,6.16,32.54,35.72,10.93,31.739998
wa073604,kalamba,14,4,subsoil,20,50,2023,8.87,-22.69,1.5146,5.79,39.23,34.97,8.05,25.800003
wa073605,kalamba,14,5,topsoil,0,20,2023,9.45,-18.85,0.8675,6.08,25.92,60.11,14.47,13.970001
wa073606,kalamba,14,5,subsoil,20,50,2023,10.27,-16.26,1.1562,5.87,24.03,54.6,19.46,21.370003
wa073607,kalamba,14,6,topsoil,0,20,2023,10.1,-20.62,0.8305,7.31,28.19,54.2,12.48,17.61
wa073608,kalamba,14,6,subsoil,20,50,2023,7.64,-17.47,0.6343,6.55,15.55,64.44,8.56,20.009995
wa073609,kalamba,14,7,topsoil,0,20,2023,5.48,-20.27,0.7165,6.01,38.9,27.28,10.27,33.82
wa073610,kalamba,14,7,subsoil,20,50,2023,4.93,-19.92,0.6002,6.05,37.51,27.68,8.95,34.809998
wa073611,kalamba,14,8,topsoil,0,20,2023,10.9,-21.44,1.3101,6.37,31.98,42.88,15.84,25.14
wa073612,kalamba,14,8,subsoil,20,50,2023,7.18,-20.18,0.7774,6.25,43.97,40.36,10.4,15.669998
wa073613,kalamba,14,9,topsoil,0,20,2023,6.39,-19.73,0.7042,5.81,32.87,41.47,9.04,25.660004
wa073614,kalamba,14,9,subsoil,20,50,2023,4.7,-19.13,0.6767,5.7,36.86,41.1,9.57,22.04
wa073615,kalamba,14,12,topsoil,0,20,2023,10.24,-19.95,1.0699,5.88,34.97,48.58,9.24,16.449997
wa073616,kalamba,14,12,subsoil,20,50,2023,8.29,-16.65,0.8895,6.42,28.19,50.86,18.68,20.949997
wa073617,kalamba,15,1,topsoil,0,20,2023,6.02,-20.21,0.5879,5.84,38.72,45.01,4.52,16.270004
wa073618,kalamba,15,1,subsoil,20,50,2023,4.4,-18.28,0.4413,5.34,22.67,46.35,4.19,30.980003
wa073619,kalamba,15,2,topsoil,0,20,2023,16.2,-20.69,1.3552,6.07,36.89,40.06,7.52,23.050003
wa073620,kalamba,15,2,subsoil,20,50,2023,7.76,-19.32,0.5445,5.85,25.12,47.92,7.17,26.96
wa073621,kalamba,15,3,topsoil,0,20,2023,11.54,-19.53,0.8651,5.56,39.14,41.54,5.15,19.32
wa073622,kalamba,15,3,subsoil,20,50,2023,7.44,-19.33,0.6599,5.37,39.08,35.45,3.13,25.470001
wa073623,kalamba,15,4,topsoil,0,20,2023,23.3,-21.58,1.775,5.7,42.35,33.55,12.39,24.100006
wa073624,kalamba,15,4,subsoil,20,50,2023,8.95,-17.86,1.1362,5.6,29.99,38.44,12.69,31.57
wa073625,kalamba,15,5,topsoil,0,20,2023,17.13,-20.86,1.5689,6.16,21.09,46.2,12.23,32.71
wa073626,kalamba,15,5,subsoil,20,50,2023,15.07,-20.5,1.36,6.17,26.63,44.12,13.07,29.25
wa073627,kalamba,15,7,topsoil,0,20,2023,13.4,-19.57,1.1209,5.8,46.59,33.36,8.37,20.050003
wa073628,kalamba,15,7,subsoil,20,50,2023,7.45,-18.75,0.7556,5.9,37.18,38.06,7.34,24.759995
wa073629,kalamba,15,8,topsoil,0,20,2023,6.35,-18.77,0.6236,5.84,25.57,56.79,4.68,17.64
wa073630,kalamba,15,8,subsoil,20,50,2023,4.72,-18.35,0.526,5.54,17.75,59.62,4.54,22.630005
wa073631,kalamba,15,9,topsoil,0,20,2023,9.85,-22.96,0.6216,6.32,44.22,30.79,4.0,24.989998
wa073632,kalamba,15,9,subsoil,20,50,2023,4.48,-23.46,0.3783,6.65,33.4,35.2,4.62,31.399994
wa073633,kalamba,15,10,topsoil,0,20,2023,10.42,-21.02,1.0663,6.88,42.83,31.36,9.07,25.809998
wa073634,kalamba,15,10,subsoil,20,50,2023,9.29,-19.64,0.8588,6.24,39.11,42.36,7.42,18.529999
wa073635,kalamba,16,1,topsoil,0,20,2023,16.46,-18.21,1.2035,5.66,47.64,31.47,9.71,20.89
wa073636,kalamba,16,1,subsoil,20,50,2023,7.9,-17.16,0.7582,5.7,49.83,37.78,11.56,12.389999
wa073637,kalamba,16,2,topsoil,0,20,2023,8.07,-23.21,0.5236,6.65,49.74,26.86,7.78,23.399994
wa073638,kalamba,16,2,subsoil,20,50,2023,4.16,-22.49,0.4373,6.79,42.24,24.29,7.51,33.47
wa073639,kalamba,16,3,topsoil,0,20,2023,6.99,-20.9,0.6951,6.33,45.58,22.27,10.41,32.149994
wa073640,kalamba,16,3,subsoil,20,50,2023,4.71,-20.93,0.4207,6.61,49.13,19.99,7.82,30.879997
wa073641,kalamba,16,4,topsoil,0,20,2023,5.2,-21.09,0.8017,5.75,43.55,29.84,4.57,26.61
wa073642,kalamba,16,4,subsoil,20,50,2023,5.36,-18.45,0.5339,5.83,38.25,42.4,9.71,19.349998
wa073643,kalamba,16,5,topsoil,0,20,2023,10.33,-19.3,1.1899,5.63,33.26,34.5,16.23,32.240005
wa073644,kalamba,16,5,subsoil,20,50,2023,8.85,-20.02,0.8155,5.7,28.09,41.95,20.89,29.96
wa073645,kalamba,16,6,topsoil,0,20,2023,14.23,-22.63,1.6462,5.71,41.77,28.92,11.85,29.309998
wa073646,kalamba,16,6,subsoil,20,50,2023,9.62,-22.1,1.0047,5.62,42.17,30.99,8.51,26.840004
wa073647,kalamba,16,7,topsoil,0,20,2023,11.18,-19.79,1.0183,5.99,35.64,30.25,17.1,34.11
wa073648,kalamba,16,7,subsoil,20,50,2023,7.82,-19.7,0.5849,6.13,41.51,27.38,13.14,31.11
wa073649,kalamba,16,8,topsoil,0,20,2023,5.96,-20.19,0.6328,6.07,25.71,52.86,8.02,21.43
wa073650,kalamba,16,8,subsoil,20,50,2023,4.83,-17.36,0.5597,6.04,19.71,58.13,8.45,22.160004
wa073651,kalamba,16,9,topsoil,0,20,2023,8.31,-22.61,1.0648,6.69,29.11,27.39,14.42,43.5
wa073652,kalamba,16,9,subsoil,20,50,2023,6.54,-22.29,0.8295,6.27,31.62,29.58,10.96,38.8
wa073653,kalamba,16,10,topsoil,0,20,2023,15.18,-24.21,0.8884,6.42,33.67,54.3,7.73,12.029999
wa077888,lumo,1,1,topsoil,0,20,2023,10.63,-18.38,0.8292,6.68,16.99,54.18,18.29,28.830002
wa077889,lumo,1,1,subsoil,20,50,2023,6.47,-15.51,0.7864,6.7,17.72,57.9,17.06,24.379997
wa077890,lumo,1,2,topsoil,0,20,2023,5.38,-19.0,0.6178,6.19,30.63,42.18,7.86,27.190002
wa077891,lumo,1,2,subsoil,20,50,2023,4.77,-19.91,0.4735,6.45,29.61,47.94,7.55,22.449997
wa077892,lumo,1,3,topsoil,0,20,2023,5.23,-19.11,0.5469,6.04,36.31,46.47,6.9,17.220001
wa077893,lumo,1,3,subsoil,20,50,2023,5.92,-19.71,0.4497,6.06,25.11,52.29,5.45,22.599998
wa077894,lumo,1,4,topsoil,0,20,2023,9.32,-17.82,0.7801,6.44,15.91,60.12,12.63,23.970001
wa077895,lumo,1,4,subsoil,20,50,2023,6.07,-17.13,0.7344,5.88,11.54,69.58,9.23,18.879997
wa077896,lumo,1,5,topsoil,0,20,2023,5.87,-20.16,0.5605,6.03,33.57,41.07,6.69,25.36
wa077897,lumo,1,5,subsoil,20,50,2023,6.1,-19.84,0.433,6.24,32.18,49.94,5.78,17.880005
wa077898,lumo,1,6,topsoil,0,20,2023,6.33,-18.9,0.5986,6.95,24.0,46.37,10.2,29.630005
wa077899,lumo,1,6,subsoil,20,50,2023,5.33,-18.03,0.5258,6.33,26.27,54.2,9.49,19.529999
wa077900,lumo,1,7,topsoil,0,20,2023,8.27,-19.38,0.64,6.76,23.1,49.3,10.72,27.599998
wa077901,lumo,1,7,subsoil,20,50,2023,6.67,-17.39,0.5657,6.45,19.31,58.47,8.85,22.220001
wa077902,lumo,1,8,topsoil,0,20,2023,6.7,-19.46,0.5909,6.79,24.08,45.15,10.04,30.769997
wa077903,lumo,1,8,subsoil,20,50,2023,5.72,-16.65,0.6156,6.55,25.29,52.17,10.17,22.54
wa077904,lumo,1,9,topsoil,0,20,2023,9.94,-18.49,0.7874,6.53,18.67,55.38,13.79,25.949997
wa077905,lumo,1,9,subsoil,20,50,2023,6.39,-18.92,0.6835,5.86,15.21,64.33,9.55,20.46
wa077906,lumo,1,10,topsoil,0,20,2023,8.01,-19.08,0.6207,6.93,35.45,37.16,10.45,27.39
wa077907,lumo,1,10,subsoil,20,50,2023,5.77,-17.63,0.5764,6.68,35.82,44.61,10.39,19.57
wa077908,lumo,2,1,topsoil,0,20,2023,6.46,-19.84,0.6302,6.41,26.73,41.52,9.85,31.75
wa077909,lumo,2,1,subsoil,20,50,2023,5.97,-18.43,0.5294,6.48,27.95,53.96,8.45,18.089996
wa077910,lumo,2,2,topsoil,0,20,2023,6.53,-20.21,0.5978,6.11,23.32,46.65,8.48,30.029999
wa077911,lumo,2,2,subsoil,20,50,2023,5.08,-19.9,0.3893,6.19,22.89,52.01,6.52,25.100006
wa077912,lumo,2,3,topsoil,0,20,2023,5.4,-20.61,0.4658,5.52,35.81,39.29,5.17,24.899994
wa077913,lumo,2,3,subsoil,20,50,2023,5.05,-19.51,0.4284,5.74,27.57,51.42,5.16,21.010002
wa077914,lumo,2,4,topsoil,0,20,2023,5.47,-20.11,0.4991,6.54,29.8,39.68,7.97,30.520004
wa077915,lumo,2,4,subsoil,20,50,2023,4.87,-19.66,0.4518,7.32,29.18,49.8,9.96,21.020004
wa077916,lumo,2,5,topsoil,0,20,2023,6.63,-19.47,0.6079,6.51,25.03,44.46,9.51,30.510002
wa077917,lumo,2,5,subsoil,20,50,2023,5.5,-19.22,0.4666,6.55,23.1,56.69,7.33,20.21
wa077918,lumo,2,6,topsoil,0,20,2023,5.69,-19.57,0.4991,5.9,41.7,34.39,4.92,23.910004
wa077919,lumo,2,6,subsoil,20,50,2023,5.5,-18.98,0.4154,6.22,35.52,48.86,5.92,15.619995
wa077920,lumo,2,7,topsoil,0,20,2023,5.32,-19.52,0.5599,5.94,24.57,47.43,7.32,28.0
wa077921,lumo,2,7,subsoil,20,50,2023,5.48,-19.2,0.4902,6.43,22.89,52.63,6.47,24.479996
wa077922,lumo,2,8,topsoil,0,20,2023,7.28,-20.63,0.5768,5.77,32.84,40.99,7.13,26.169998
wa077923,lumo,2,8,subsoil,20,50,2023,6.83,-18.93,0.4462,6.41,35.74,48.69,6.73,15.57
wa077924,lumo,2,9,topsoil,0,20,2023,5.42,-20.46,0.4956,6.27,28.13,39.57,7.08,32.300003
wa077925,lumo,2,9,subsoil,20,50,2023,5.53,-19.77,0.4952,6.39,28.49,49.3,7.12,22.21
wa077926,lumo,2,10,topsoil,0,20,2023,7.76,-18.57,0.5868,6.66,33.94,39.65,9.76,26.410004
wa077927,lumo,2,10,subsoil,20,50,2023,6.06,-18.96,0.5896,6.64,25.44,47.16,9.53,27.400002
wa077928,lumo,3,1,topsoil,0,20,2023,5.58,-18.55,0.5477,6.09,25.65,45.19,8.07,29.160004
wa077929,lumo,3,1,subsoil,20,50,2023,5.48,-18.84,0.4912,6.25,27.86,52.18,8.19,19.96
wa077930,lumo,3,2,topsoil,0,20,2023,8.73,-19.69,0.6742,6.32,24.8,47.6,11.33,27.600006
wa077931,lumo,3,2,subsoil,20,50,2023,6.15,-17.96,0.6767,6.16,19.04,55.49,9.31,25.470001
wa077932,lumo,3,3,topsoil,0,20,2023,5.84,-20.56,0.3479,5.91,46.91,31.1,6.66,21.989998
wa077933,lumo,3,3,subsoil,20,50,2023,5.95,-19.14,0.4859,6.03,27.57,39.98,6.54,32.449997
wa077934,lumo,3,4,topsoil,0,20,2023,5.2,-18.73,0.4537,6.25,24.1,51.06,7.53,24.839996
wa077935,lumo,3,4,subsoil,20,50,2023,4.91,-18.69,0.3269,5.63,29.77,42.92,4.95,27.309998
wa077936,lumo,3,5,topsoil,0,20,2023,8.12,-18.16,0.6305,6.4,25.87,44.55,8.99,29.580002
wa077937,lumo,3,5,subsoil,20,50,2023,4.96,-18.75,0.4312,5.93,24.8,46.92,7.52,28.279999
wa077938,lumo,3,6,topsoil,0,20,2023,7.39,-17.29,0.6309,6.44,23.85,52.11,9.57,24.04
wa077939,lumo,3,6,subsoil,20,50,2023,4.69,-18.53,0.3607,6.24,30.54,38.4,6.48,31.059998
wa077940,lumo,3,7,topsoil,0,20,2023,9.08,-17.2,0.594,6.44,27.49,48.36,8.47,24.150002
wa077941,lumo,3,7,subsoil,20,50,2023,4.76,-18.46,0.3402,5.82,31.37,43.26,6.33,25.370003
wa077942,lumo,3,8,topsoil,0,20,2023,5.68,-18.45,0.4712,6.2,33.46,37.05,6.67,29.490005
wa077943,lumo,3,8,subsoil,20,50,2023,5.05,-18.45,0.3235,6.04,24.68,46.89,6.21,28.43
wa077944,lumo,3,9,topsoil,0,20,2023,5.25,-18.8,0.4012,6.37,42.91,37.61,6.76,19.479996
wa077945,lumo,3,9,subsoil,20,50,2023,4.93,-18.05,0.312,5.78,40.47,37.79,5.08,21.739998
wa077946,lumo,3,10,topsoil,0,20,2023,9.17,-16.11,0.6269,6.29,26.1,45.31,8.81,28.589996
wa077947,lumo,3,10,subsoil,20,50,2023,4.99,-18.35,0.3813,5.53,26.2,45.66,6.44,28.14
wa077948,lumo,4,1,topsoil,0,20,2023,6.65,-17.51,0.6428,6.02,20.76,54.11,7.71,25.129997
wa077949,lumo,4,1,subsoil,20,50,2023,5.66,-18.98,0.5374,6.08,21.87,56.08,6.52,22.049995
wa077950,lumo,4,2,topsoil,0,20,2023,6.07,-20.9,0.4492,5.76,36.1,34.27,6.26,29.630005
wa077951,lumo,4,2,subsoil,20,50,2023,5.19,-17.92,0.471,5.25,25.68,53.37,4.59,20.949997
wa077952,lumo,4,3,topsoil,0,20,2023,6.82,-20.63,0.5817,5.86,32.23,38.96,8.02,28.809998
wa077953,lumo,4,3,subsoil,20,50,2023,6.39,-17.8,0.4636,6.29,25.13,52.97,6.81,21.900002
wa077954,lumo,4,4,topsoil,0,20,2023,6.66,-19.04,0.5524,5.93,25.71,49.25,7.54,25.04
wa077955,lumo,4,4,subsoil,20,50,2023,5.48,-18.46,0.4629,6.11,27.58,54.38,6.18,18.04
wa077956,lumo,4,5,topsoil,0,20,2023,5.72,-19.53,0.4255,5.71,31.16,37.5,6.19,31.339996
wa077957,lumo,4,5,subsoil,20,50,2023,5.02,-19.58,0.2648,5.82,29.83,39.52,5.34,30.650002
wa077958,lumo,4,6,topsoil,0,20,2023,8.97,-19.58,0.6704,6.43,22.99,46.05,12.51,30.96
wa077959,lumo,4,6,subsoil,20,50,2023,5.51,-18.53,0.5319,6.07,22.45,50.03,9.03,27.520004
wa077960,lumo,4,8,topsoil,0,20,2023,5.91,-18.74,0.4797,5.88,29.73,42.22,6.82,28.050003
wa077961,lumo,4,8,subsoil,20,50,2023,5.16,-19.12,0.4249,6.17,24.12,49.1,6.32,26.779999
wa077962,lumo,4,9,topsoil,0,20,2023,9.85,-16.89,0.6964,6.4,21.58,56.57,10.09,21.849998
wa077963,lumo,4,9,subsoil,20,50,2023,7.35,-17.28,0.5259,5.94,16.62,56.37,6.17,27.010002
wa077964,lumo,4,10,topsoil,0,20,2023,8.45,-17.26,0.5938,6.08,23.71,60.37,9.34,15.919998
wa077965,lumo,4,10,subsoil,20,50,2023,7.74,-17.62,0.4725,6.08,19.42,56.92,6.89,23.660004
wa077966,lumo,4,12,topsoil,0,20,2023,9.36,-17.41,0.5463,6.17,19.57,52.12,7.09,28.309998
wa077967,lumo,4,12,subsoil,20,50,2023,7.23,-19.53,0.405,6.32,19.08,55.91,6.84,25.010002
wa077968,lumo,5,1,topsoil,0,20,2023,10.3,-18.53,0.5633,6.75,19.31,50.35,9.5,30.340004
wa077969,lumo,5,1,subsoil,20,50,2023,8.76,-18.55,0.5954,6.43,13.67,62.75,8.14,23.580002
wa077970,lumo,5,2,topsoil,0,20,2023,9.43,-16.46,0.6602,6.27,15.2,61.09,8.78,23.71
wa077971,lumo,5,2,subsoil,20,50,2023,8.16,-18.14,0.5363,6.19,13.45,60.74,7.08,25.809998
wa077972,lumo,5,3,topsoil,0,20,2023,9.71,-17.66,0.6323,6.41,19.33,55.29,8.85,25.379997
wa077973,lumo,5,3,subsoil,20,50,2023,6.92,-17.94,0.5389,6.8,18.54,48.31,7.31,33.149994
wa077974,lumo,5,4,topsoil,0,20,2023,9.63,-16.28,0.749,6.31,15.33,51.23,9.48,33.440002
wa077975,lumo,5,4,subsoil,20,50,2023,6.49,-19.03,0.5203,6.26,21.11,51.25,8.22,27.64
wa077976,lumo,5,5,topsoil,0,20,2023,11.12,-13.99,0.7927,6.29,11.71,59.33,10.83,28.96
wa077977,lumo,5,5,subsoil,20,50,2023,7.13,-15.12,0.6523,6.34,11.82,65.15,8.76,23.029999
wa077978,lumo,5,6,topsoil,0,20,2023,10.22,-17.96,0.649,6.65,21.83,45.0,9.64,33.17
wa077979,lumo,5,6,subsoil,20,50,2023,6.83,-18.17,0.4256,6.6,24.2,46.22,6.92,29.580002
wa077980,lumo,5,7,topsoil,0,20,2023,10.06,-15.96,0.7961,6.08,12.38,61.01,9.54,26.61
wa077981,lumo,5,7,subsoil,20,50,2023,6.95,-16.71,0.5425,6.33,14.36,57.09,7.52,28.550003
wa077982,lumo,5,8,topsoil,0,20,2023,8.82,-16.82,0.5319,6.49,22.76,48.82,9.24,28.419998
wa077983,lumo,5,8,subsoil,20,50,2023,6.74,-18.7,0.4271,6.7,26.13,46.9,7.88,26.970001
wa077984,lumo,5,9,topsoil,0,20,2023,10.39,-15.39,0.8124,6.26,11.97,61.22,10.53,26.809998
wa077985,lumo,5,9,subsoil,20,50,2023,6.42,-15.82,0.4968,6.13,11.19,68.64,7.51,20.169998
wa077986,lumo,5,10,topsoil,0,20,2023,11.14,-14.59,0.8634,6.34,10.92,64.69,11.59,24.39
wa077987,lumo,5,10,subsoil,20,50,2023,7.9,-14.26,0.6768,6.46,10.82,65.12,9.4,24.059998
wa077988,lumo,6,1,topsoil,0,20,2023,9.52,-18.59,0.5851,5.98,25.31,49.84,6.52,24.849998
wa077989,lumo,6,1,subsoil,20,50,2023,8.73,-18.28,0.4327,6.19,23.94,50.63,5.78,25.43
wa077990,lumo,6,2,topsoil,0,20,2023,6.91,-18.17,0.5188,5.86,25.8,46.94,5.22,27.260002
wa077991,lumo,6,2,subsoil,20,50,2023,9.05,-18.34,0.5141,6.2,24.59,53.15,6.21,22.259995
wa077992,lumo,6,3,topsoil,0,20,2023,9.87,-18.21,0.6249,6.25,21.34,50.04,7.43,28.619995
wa077993,lumo,6,3,subsoil,20,50,2023,7.61,-19.31,0.4666,6.38,23.93,49.06,6.31,27.009995
wa077994,lumo,6,4,topsoil,0,20,2023,8.36,-18.6,0.5985,6.59,28.79,44.66,9.51,26.550003
wa077995,lumo,6,4,subsoil,20,50,2023,6.93,-19.23,0.4249,7.05,22.89,50.16,8.31,26.949997
wa077996,lumo,6,5,topsoil,0,20,2023,9.33,-17.81,0.6577,6.59,24.39,46.85,8.83,28.760002
wa077997,lumo,6,5,subsoil,20,50,2023,6.19,-18.65,0.4657,6.99,20.89,55.83,8.03,23.279999
wa077998,lumo,6,6,topsoil,0,20,2023,9.01,-17.96,0.6176,6.69,23.08,44.86,8.4,32.059998
wa077999,lumo,6,6,subsoil,20,50,2023,6.31,-18.71,0.4707,6.96,19.2,54.38,8.03,26.419998
wa078000,lumo,6,7,topsoil,0,20,2023,7.33,-18.9,0.5458,6.18,27.8,39.45,6.78,32.75
wa078001,lumo,6,7,subsoil,20,50,2023,8.47,-19.58,0.4937,6.49,25.59,45.49,7.73,28.919998
wa078002,lumo,6,8,topsoil,0,20,2023,7.96,-18.45,0.6088,6.41,29.63,38.47,7.17,31.900002
wa078003,lumo,6,8,subsoil,20,50,2023,6.88,-18.92,0.5397,6.83,18.8,55.17,7.76,26.029999
wa078004,lumo,6,9,topsoil,0,20,2023,9.46,-18.89,0.5319,6.24,26.79,44.57,7.35,28.64
wa078005,lumo,6,9,subsoil,20,50,2023,7.98,-19.11,0.4367,6.14,26.31,45.96,5.66,27.730003
wa078006,lumo,6,10,topsoil,0,20,2023,10.12,-17.55,0.6709,6.59,20.61,51.78,10.51,27.61
wa078007,lumo,6,10,subsoil,20,50,2023,8.67,-18.86,0.418,6.85,24.98,49.99,9.2,25.029999
wa078008,lumo,7,1,topsoil,0,20,2023,9.87,-18.18,0.5814,6.52,19.36,52.78,8.26,27.86
wa078009,lumo,7,1,subsoil,20,50,2023,8.79,-18.95,0.4592,6.95,20.95,52.63,6.98,26.419998
wa078010,lumo,7,2,topsoil,0,20,2023,9.89,-17.86,0.6244,6.44,24.68,50.07,8.5,25.25
wa078011,lumo,7,2,subsoil,20,50,2023,6.38,-18.31,0.3906,6.84,27.76,38.16,5.62,34.08
wa078012,lumo,7,3,topsoil,0,20,2023,8.71,-17.46,0.528,6.31,28.63,42.94,6.24,28.43
wa078013,lumo,7,3,subsoil,20,50,2023,7.28,-18.76,0.389,6.32,30.97,48.12,4.85,20.910004
wa078014,lumo,7,5,topsoil,0,20,2023,10.09,-19.19,0.5779,6.45,24.85,50.0,8.59,25.150002
wa078015,lumo,7,5,subsoil,20,50,2023,7.8,-19.49,0.4146,6.71,21.62,53.65,7.09,24.729996
wa078016,lumo,7,6,topsoil,0,20,2023,8.17,-16.73,0.5014,5.94,29.48,41.18,5.91,29.339996
wa078017,lumo,7,6,subsoil,20,50,2023,6.92,-17.01,0.4336,5.81,20.69,57.07,6.73,22.239998
wa078018,lumo,7,7,topsoil,0,20,2023,8.83,-17.45,0.5538,6.34,22.45,46.61,8.46,30.940002
wa078019,lumo,7,7,subsoil,20,50,2023,6.44,-17.81,0.4432,6.23,23.08,48.57,6.41,28.349998
wa078020,lumo,7,8,topsoil,0,20,2023,10.01,-16.81,0.5739,6.49,23.48,50.28,7.42,26.240005
wa078021,lumo,7,8,subsoil,20,50,2023,7.67,-18.82,0.4433,6.11,22.09,52.17,6.51,25.740005
wa078022,lumo,7,9,topsoil,0,20,2023,9.57,-17.47,0.6516,6.54,16.01,57.78,9.93,26.21
wa078023,lumo,7,9,subsoil,20,50,2023,9.43,-18.47,0.5612,7.4,19.88,57.33,10.36,22.79
wa078024,lumo,7,10,topsoil,0,20,2023,9.89,-17.84,0.5999,6.69,23.24,53.74,9.38,23.019997
wa078025,lumo,7,10,subsoil,20,50,2023,6.99,-17.12,0.5227,6.46,17.32,62.94,7.48,19.740005
wa078026,lumo,7,14,topsoil,0,20,2023,9.01,-18.49,0.6159,5.94,27.04,45.72,6.09,27.239998
wa078027,lumo,7,14,subsoil,20,50,2023,6.38,-17.48,0.4493,6.26,30.54,44.76,4.55,24.699997
wa078028,lumo,8,1,topsoil,0,20,2023,10.02,-17.58,0.6097,7.09,32.01,44.93,9.78,23.059998
wa078029,lumo,8,1,subsoil,20,50,2023,7.43,-17.1,0.4229,6.44,25.99,51.43,7.95,22.580002
wa078030,lumo,8,2,topsoil,0,20,2023,9.5,-17.17,0.6883,6.3,24.06,49.53,8.31,26.410004
wa078031,lumo,8,2,subsoil,20,50,2023,8.19,-17.72,0.5076,6.03,17.47,60.24,6.91,22.29
wa078032,lumo,8,3,topsoil,0,20,2023,10.26,-16.91,0.7821,6.48,16.85,60.16,11.32,22.989998
wa078033,lumo,8,3,subsoil,20,50,2023,7.62,-18.03,0.6007,6.78,19.39,57.67,8.92,22.940002
wa078034,lumo,8,4,topsoil,0,20,2023,9.18,-17.01,0.642,6.24,23.8,46.04,7.73,30.160004
wa078035,lumo,8,4,subsoil,20,50,2023,6.62,-20.26,0.4733,7.23,24.12,43.9,6.61,31.979996
wa078036,lumo,8,5,topsoil,0,20,2023,8.79,-17.03,0.6717,6.54,24.85,53.96,9.74,21.190002
wa078037,lumo,8,5,subsoil,20,50,2023,7.05,-18.53,0.5007,6.97,22.11,54.47,7.04,23.419998
wa078038,lumo,8,6,topsoil,0,20,2023,10.4,-14.74,0.7912,6.43,15.91,59.99,10.78,24.099998
wa078039,lumo,8,6,subsoil,20,50,2023,8.54,-16.93,0.6443,6.4,22.01,60.54,9.74,17.449997
wa078040,lumo,8,7,topsoil,0,20,2023,8.77,-17.07,0.6067,6.23,26.74,49.58,7.4,23.68
wa078041,lumo,8,7,subsoil,20,50,2023,5.21,-18.71,0.5272,5.97,25.39,50.87,6.93,23.740005
wa078042,lumo,8,8,topsoil,0,20,2023,8.74,-16.65,0.5734,6.31,28.33,48.0,7.7,23.669998
wa078043,lumo,8,8,subsoil,20,50,2023,4.94,-19.19,0.382,5.94,32.47,43.31,5.78,24.220001
wa078044,lumo,8,9,topsoil,0,20,2023,7.24,-17.42,0.6236,6.52,24.07,51.05,8.85,24.880005
wa078045,lumo,8,9,subsoil,20,50,2023,4.96,-18.2,0.3674,6.18,27.9,50.46,6.4,21.64
wa078046,lumo,8,12,topsoil,0,20,2023,7.81,-18.33,0.458,6.77,25.63,53.5,7.52,20.870003
wa078047,lumo,8,12,subsoil,20,50,2023,6.8,-18.39,0.6154,6.31,34.24,37.72,7.98,28.039993
wa078048,lumo,9,1,topsoil,0,20,2023,5.83,-18.19,0.6127,6.35,22.68,47.23,8.98,30.089996
wa078049,lumo,9,1,subsoil,20,50,2023,9.24,-18.57,0.6369,6.63,26.37,47.2,9.96,26.43
wa078050,lumo,9,2,topsoil,0,20,2023,6.55,-20.56,0.6009,6.08,37.41,41.4,7.94,21.190002
wa078051,lumo,9,2,subsoil,20,50,2023,8.26,-19.69,0.4965,6.26,22.41,54.96,5.63,22.630005
wa078052,lumo,9,3,topsoil,0,20,2023,5.17,-19.94,0.4985,6.11,37.49,38.48,6.44,24.029999
wa078053,lumo,9,3,subsoil,20,50,2023,5.65,-19.42,0.4445,6.47,26.39,50.27,4.7,23.339996
wa078054,lumo,9,4,topsoil,0,20,2023,7.23,-21.27,0.6469,5.79,28.99,43.9,7.05,27.11
wa078055,lumo,9,4,subsoil,20,50,2023,6.93,-19.99,0.391,6.37,33.45,52.38,5.68,14.169998
wa078056,lumo,9,5,topsoil,0,20,2023,7.02,-19.78,0.6661,6.0,31.79,45.04,7.48,23.169998
wa078057,lumo,9,5,subsoil,20,50,2023,6.73,-19.25,0.4103,6.17,34.89,50.54,4.01,14.57
wa078058,lumo,9,6,topsoil,0,20,2023,8.11,-19.45,0.5582,6.07,29.19,54.2,6.82,16.61
wa078059,lumo,9,6,subsoil,20,50,2023,6.78,-19.71,0.3666,6.26,29.58,53.28,4.74,17.14
wa078060,lumo,9,7,topsoil,0,20,2023,6.27,-19.34,0.5859,6.04,37.32,36.03,6.62,26.650002
wa078061,lumo,9,7,subsoil,20,50,2023,4.71,-19.6,0.3808,5.9,35.99,43.29,5.54,20.720001
wa078062,lumo,9,8,topsoil,0,20,2023,9.06,-19.4,0.6348,6.09,32.91,44.69,6.35,22.400002
wa078063,lumo,9,8,subsoil,20,50,2023,6.51,-19.28,0.3493,6.25,40.03,46.07,4.71,13.900002
wa078064,lumo,9,9,topsoil,0,20,2023,8.4,-19.19,0.6185,6.85,32.9,35.98,9.62,31.119995
wa078065,lumo,9,9,subsoil,20,50,2023,6.54,-19.12,0.5382,7.19,29.29,43.85,15.1,26.86
wa078066,lumo,9,10,topsoil,0,20,2023,7.97,-18.95,0.5262,6.32,30.72,48.32,6.96,20.96
wa078067,lumo,9,10,subsoil,20,50,2023,5.25,-19.35,0.3459,6.48,40.36,45.38,5.05,14.2599945
wa078068,lumo,10,2,topsoil,0,20,2023,9.59,-19.45,0.6642,6.74,31.09,36.78,8.93,32.130005
wa078069,lumo,10,2,subsoil,20,50,2023,5.23,-19.7,0.357,6.01,33.3,40.4,5.21,26.300003
wa078070,lumo,10,4,topsoil,0,20,2023,7.35,-20.73,0.6982,6.55,35.09,35.23,7.77,29.68
wa078071,lumo,10,4,subsoil,20,50,2023,6.04,-19.82,0.4007,6.36,32.01,52.07,6.16,15.919998
wa078072,lumo,10,5,topsoil,0,20,2023,8.53,-20.68,0.6568,6.52,29.73,39.7,10.61,30.57
wa078073,lumo,10,5,subsoil,20,50,2023,8.01,-18.43,0.515,6.61,25.81,52.32,7.43,21.870003
wa078074,lumo,10,6,topsoil,0,20,2023,6.16,-19.87,0.5969,6.11,32.94,39.09,7.31,27.970001
wa078075,lumo,10,6,subsoil,20,50,2023,5.98,-19.98,0.3575,6.44,24.45,53.57,6.4,21.979996
wa078076,lumo,10,8,topsoil,0,20,2023,6.36,-20.27,0.5772,6.27,42.47,36.65,7.08,20.879997
wa078077,lumo,10,8,subsoil,20,50,2023,7.02,-19.51,0.3732,6.67,32.35,48.27,6.38,19.380005
wa078078,lumo,10,9,topsoil,0,20,2023,6.74,-21.02,0.6091,6.22,39.16,36.15,7.49,24.690002
wa078079,lumo,10,9,subsoil,20,50,2023,6.82,-19.05,0.4863,6.4,24.48,51.81,5.32,23.71
wa078080,lumo,10,10,topsoil,0,20,2023,5.52,-19.95,0.5713,6.12,42.23,38.2,6.85,19.57
wa078081,lumo,10,10,subsoil,20,50,2023,6.17,-18.67,0.3838,6.67,37.57,46.38,6.4,16.050003
wa078082,lumo,10,11,topsoil,0,20,2023,6.2,-18.88,0.6407,6.21,34.09,43.36,7.48,22.550003
wa078083,lumo,10,11,subsoil,20,50,2023,5.01,-19.2,0.4358,6.0,34.81,47.92,5.04,17.270004
wa078084,lumo,10,12,topsoil,0,20,2023,10.1,-17.01,0.6824,6.9,27.7,48.17,10.8,24.130005
wa078085,lumo,10,12,subsoil,20,50,2023,5.13,-18.85,0.4525,6.26,39.84,36.21,7.37,23.949997
wa078086,lumo,10,13,topsoil,0,20,2023,8.22,-19.33,0.6486,6.19,30.8,41.56,8.01,27.64
wa078087,lumo,10,13,subsoil,20,50,2023,5.32,-19.09,0.5121,6.61,26.65,47.48,8.99,25.870003
wa078088,lumo,11,1,topsoil,0,20,2023,8.89,-19.84,0.6709,6.23,33.76,40.67,6.67,25.570007
wa078089,lumo,11,1,subsoil,20,50,2023,5.04,-19.77,0.4549,5.85,39.92,39.09,5.58,20.990005
wa078090,lumo,11,2,topsoil,0,20,2023,9.89,-19.51,0.6163,6.38,24.76,49.62,8.21,25.620003
wa078091,lumo,11,2,subsoil,20,50,2023,5.44,-20.2,0.4713,5.77,40.51,42.4,6.05,17.089996
wa078092,lumo,11,3,topsoil,0,20,2023,9.75,-19.52,0.63,6.48,27.98,47.03,7.72,24.990005
wa078093,lumo,11,3,subsoil,20,50,2023,5.08,-19.79,0.4998,5.87,30.71,44.37,6.1,24.919998
wa078094,lumo,11,4,topsoil,0,20,2023,9.43,-19.91,0.6477,6.41,29.45,45.03,7.22,25.520004
wa078095,lumo,11,4,subsoil,20,50,2023,6.36,-19.25,0.4185,6.56,38.21,41.59,5.08,20.199997
wa078096,lumo,11,5,topsoil,0,20,2023,7.06,-19.6,0.5809,5.91,40.51,43.0,5.51,16.490005
wa078097,lumo,11,5,subsoil,20,50,2023,5.9,-19.79,0.4499,6.46,38.24,39.58,5.61,22.179993
wa078098,lumo,11,6,topsoil,0,20,2023,8.73,-19.45,0.6269,6.55,37.48,40.66,8.15,21.86
wa078099,lumo,11,6,subsoil,20,50,2023,5.18,-19.45,0.4592,6.24,38.31,44.93,6.48,16.759995
wa078100,lumo,11,7,topsoil,0,20,2023,7.26,-20.09,0.6692,5.79,29.81,49.5,7.26,20.690002
wa078101,lumo,11,7,subsoil,20,50,2023,5.95,-19.38,0.3659,6.26,36.92,49.99,3.84,13.089996
wa078102,lumo,11,8,topsoil,0,20,2023,8.6,-19.51,0.5686,6.39,38.05,39.52,6.33,22.43
wa078103,lumo,11,8,subsoil,20,50,2023,5.03,-19.74,0.46,5.86,36.6,43.75,4.79,19.650002
wa078104,lumo,11,9,topsoil,0,20,2023,7.46,-20.91,0.6149,6.45,42.12,31.91,8.08,25.970001
wa078105,lumo,11,9,subsoil,20,50,2023,6.89,-18.93,0.4055,7.05,32.95,45.01,6.93,22.04
wa078106,lumo,11,10,topsoil,0,20,2023,9.92,-19.3,0.6257,6.39,27.85,49.66,7.55,22.489998
wa078107,lumo,11,10,subsoil,20,50,2023,6.78,-19.46,0.3733,6.42,28.93,49.53,4.86,21.54
wa078108,lumo,12,1,topsoil,0,20,2023,6.96,-20.01,0.6252,6.54,31.0,41.2,9.47,27.800003
wa078109,lumo,12,1,subsoil,20,50,2023,7.85,-18.8,0.4161,6.44,31.26,49.86,7.06,18.879997
wa078110,lumo,12,2,topsoil,0,20,2023,7.97,-19.9,0.6779,6.44,33.5,43.08,8.9,23.419998
wa078111,lumo,12,2,subsoil,20,50,2023,6.96,-18.48,0.5151,6.23,28.17,50.13,6.16,21.699997
wa078112,lumo,12,3,topsoil,0,20,2023,8.37,-18.04,0.7051,6.31,26.73,48.29,9.25,24.979996
wa078113,lumo,12,3,subsoil,20,50,2023,5.0,-19.65,0.5112,5.75,37.68,45.25,5.93,17.07
wa078114,lumo,12,4,topsoil,0,20,2023,7.86,-20.34,0.6718,6.21,33.36,43.44,9.28,23.199997
wa078115,lumo,12,4,subsoil,20,50,2023,6.1,-19.1,0.4675,6.11,31.83,54.22,4.82,13.949997
wa078116,lumo,12,5,topsoil,0,20,2023,5.93,-19.88,0.5958,6.0,34.96,44.64,7.54,20.400002
wa078117,lumo,12,5,subsoil,20,50,2023,7.86,-19.22,0.428,6.41,26.97,52.03,6.46,21.0
wa078118,lumo,12,6,topsoil,0,20,2023,7.82,-18.64,0.7038,6.54,29.35,45.07,9.89,25.580002
wa078119,lumo,12,6,subsoil,20,50,2023,8.04,-18.29,0.6049,6.52,20.97,58.28,8.49,20.75
wa078120,lumo,12,7,topsoil,0,20,2023,8.21,-18.53,0.6818,6.34,37.6,41.57,10.04,20.830002
wa078121,lumo,12,7,subsoil,20,50,2023,6.34,-18.92,0.3996,6.32,34.12,47.13,5.73,18.75
wa078122,lumo,12,8,topsoil,0,20,2023,10.92,-20.04,0.8289,6.9,15.56,50.14,12.93,34.300003
wa078123,lumo,12,8,subsoil,20,50,2023,8.91,-18.92,0.4794,6.62,22.15,54.0,8.93,23.849998
wa078124,lumo,12,10,topsoil,0,20,2023,9.9,-19.14,0.64,6.31,19.32,51.61,8.56,29.07
wa078125,lumo,12,10,subsoil,20,50,2023,8.56,-19.09,0.4666,7.04,23.01,51.1,7.23,25.89
wa078126,lumo,12,13,topsoil,0,20,2023,9.61,-18.18,0.7511,7.13,16.55,43.3,9.69,40.15
wa078127,lumo,12,13,subsoil,20,50,2023,9.06,-19.12,0.4998,6.54,22.58,53.64,7.47,23.779999
wa078128,lumo,13,1,topsoil,0,20,2023,6.01,-18.8,0.5356,6.54,38.02,28.45,7.8,33.53
wa078129,lumo,13,1,subsoil,20,50,2023,5.53,-18.86,0.4138,6.78,35.46,42.13,8.27,22.410004
wa078130,lumo,13,2,topsoil,0,20,2023,15.38,-21.26,1.6408,8.01,38.9,22.67,47.39,38.43
wa078131,lumo,13,2,subsoil,20,50,2023,9.16,-17.08,0.9321,8.35,34.4,24.72,81.83,40.879997
wa078132,lumo,13,3,topsoil,0,20,2023,16.9,-21.13,1.8267,7.76,37.69,22.9,89.86,39.410004
wa078133,lumo,13,3,subsoil,20,50,2023,16.61,-18.32,1.612,8.08,40.68,19.18,121.92,40.14
wa078134,lumo,13,4,topsoil,0,20,2023,12.26,-18.57,0.8136,8.34,22.98,51.96,46.32,25.059998
wa078135,lumo,13,4,subsoil,20,50,2023,7.03,-15.94,0.5498,8.69,27.19,48.85,48.55,23.96
wa078136,lumo,13,5,topsoil,0,20,2023,14.54,-19.18,1.2164,7.32,11.26,61.31,35.12,27.43
wa078137,lumo,13,5,subsoil,20,50,2023,12.95,-16.74,1.1518,7.43,11.57,68.75,38.14,19.68
wa078138,lumo,13,6,topsoil,0,20,2023,9.15,-18.24,0.6223,6.83,31.07,39.61,11.8,29.32
wa078139,lumo,13,6,subsoil,20,50,2023,8.53,-16.4,0.5346,7.3,24.66,46.21,11.69,29.130005
wa078140,lumo,13,7,topsoil,0,20,2023,10.28,-18.48,1.077,7.54,28.3,33.97,19.58,37.73
wa078141,lumo,13,7,subsoil,20,50,2023,6.93,-18.77,0.7333,8.24,28.68,39.16,34.85,32.160004
wa078142,lumo,13,8,topsoil,0,20,2023,17.67,-18.74,1.5268,8.15,37.4,24.22,78.69,38.379997
wa078143,lumo,13,8,subsoil,20,50,2023,15.82,-16.07,1.144,8.13,35.88,28.94,143.63,35.18
wa078144,lumo,13,9,topsoil,0,20,2023,9.38,-19.4,0.6179,7.19,27.79,36.11,11.37,36.1
wa078145,lumo,13,9,subsoil,20,50,2023,7.98,-17.34,0.5274,6.86,27.63,48.6,12.79,23.770004
wa078146,lumo,13,10,topsoil,0,20,2023,8.78,-18.16,0.646,7.07,36.13,38.51,12.23,25.36
wa078147,lumo,13,10,subsoil,20,50,2023,6.62,-16.98,0.5479,7.09,35.42,41.24,11.36,23.339996
wa078148,lumo,14,1,topsoil,0,20,2023,9.55,-20.14,0.5681,6.58,26.36,42.25,9.44,31.39
wa078149,lumo,14,1,subsoil,20,50,2023,7.75,-19.23,0.4622,6.79,21.85,58.22,8.54,19.93
wa078150,lumo,14,3,topsoil,0,20,2023,9.61,-20.03,0.6205,6.57,19.47,51.81,9.65,28.720001
wa078151,lumo,14,3,subsoil,20,50,2023,7.8,-20.19,0.4294,6.44,21.73,58.81,7.82,19.46
wa078152,lumo,14,4,topsoil,0,20,2023,9.37,-19.44,0.6177,6.29,21.58,50.05,7.84,28.370003
wa078153,lumo,14,4,subsoil,20,50,2023,7.65,-18.55,0.4471,6.29,21.43,55.5,6.59,23.07
wa078154,lumo,14,6,topsoil,0,20,2023,9.39,-19.64,0.5401,6.56,30.56,42.4,8.62,27.04
wa078155,lumo,14,6,subsoil,20,50,2023,5.59,-18.66,0.507,6.31,25.17,51.42,7.19,23.410004
wa078156,lumo,14,7,topsoil,0,20,2023,9.04,-20.95,0.5331,6.69,22.26,52.09,10.12,25.650002
wa078157,lumo,14,7,subsoil,20,50,2023,5.88,-20.37,0.4077,6.72,30.75,50.18,7.11,19.07
wa078158,lumo,14,8,topsoil,0,20,2023,8.72,-18.85,0.626,6.28,24.05,50.63,8.24,25.32
wa078159,lumo,14,8,subsoil,20,50,2023,6.41,-20.21,0.4086,6.37,22.88,56.59,6.98,20.529999
wa078160,lumo,14,9,topsoil,0,20,2023,9.58,-18.81,0.5884,6.73,23.93,51.02,9.69,25.050003
wa078161,lumo,14,9,subsoil,20,50,2023,8.0,-19.41,0.4456,6.6,27.31,49.8,8.24,22.89
wa078162,lumo,14,10,topsoil,0,20,2023,7.56,-18.82,0.5098,6.38,32.63,44.33,7.32,23.039993
wa078163,lumo,14,10,subsoil,20,50,2023,6.91,-20.37,0.4122,6.64,26.12,49.66,6.85,24.220001
wa078164,lumo,14,14,topsoil,0,20,2023,9.17,-19.49,0.5429,7.05,21.04,52.05,9.9,26.910004
wa078165,lumo,14,14,subsoil,20,50,2023,7.08,-19.61,0.4331,6.81,20.89,53.93,8.22,25.18
wa078166,lumo,14,15,topsoil,0,20,2023,8.73,-20.14,0.5726,7.2,30.73,39.52,11.82,29.75
wa078167,lumo,14,15,subsoil,20,50,2023,7.28,-20.34,0.5033,7.5,32.72,48.78,13.06,18.5
wa078168,lumo,15,1,topsoil,0,20,2023,10.7,-16.31,0.7031,6.88,22.62,50.14,13.27,27.239998
wa078169,lumo,15,1,subsoil,20,50,2023,8.88,-14.38,0.6452,6.67,17.46,58.8,10.46,23.740005
wa078170,lumo,15,2,topsoil,0,20,2023,10.15,-18.67,0.6429,6.88,20.76,50.93,10.74,28.309998
wa078171,lumo,15,2,subsoil,20,50,2023,8.48,-18.78,0.4415,6.58,21.07,54.31,7.98,24.619995
wa078172,lumo,15,3,topsoil,0,20,2023,10.08,-19.15,0.6293,6.69,22.88,49.96,10.77,27.160004
wa078173,lumo,15,3,subsoil,20,50,2023,8.27,-17.63,0.5525,6.49,25.01,51.41,8.21,23.580002
wa078174,lumo,15,4,topsoil,0,20,2023,11.79,-18.38,0.7196,7.22,34.01,43.53,17.31,22.460007
wa078175,lumo,15,4,subsoil,20,50,2023,7.44,-16.29,0.5357,6.98,24.95,52.86,11.55,22.190002
wa078176,lumo,15,5,topsoil,0,20,2023,10.47,-16.46,0.7229,7.03,20.87,49.8,11.81,29.330002
wa078177,lumo,15,5,subsoil,20,50,2023,8.74,-17.39,0.6967,6.63,15.65,60.54,9.77,23.809998
wa078178,lumo,15,6,topsoil,0,20,2023,9.91,-20.7,0.6025,6.33,14.78,52.96,9.73,32.260002
wa078179,lumo,15,6,subsoil,20,50,2023,9.13,-19.24,0.4602,6.36,24.75,55.01,7.83,20.240005
wa078180,lumo,15,7,topsoil,0,20,2023,16.04,-17.22,0.9049,6.65,17.49,47.64,16.34,34.870003
wa078181,lumo,15,7,subsoil,20,50,2023,9.69,-15.91,0.5878,6.85,28.1,47.16,10.72,24.739998
wa078182,lumo,15,8,topsoil,0,20,2023,13.94,-16.18,0.8305,7.13,15.11,55.26,17.77,29.630005
wa078183,lumo,15,8,subsoil,20,50,2023,10.31,-14.82,0.711,7.1,12.41,57.4,13.75,30.190002
wa078184,lumo,15,9,topsoil,0,20,2023,10.41,-18.61,0.6524,6.47,21.21,51.35,9.48,27.440002
wa078185,lumo,15,9,subsoil,20,50,2023,7.72,-19.14,0.4917,6.18,21.64,64.16,7.24,14.199997
wa078186,lumo,15,10,topsoil,0,20,2023,10.45,-19.02,0.7542,7.09,36.74,36.76,18.3,26.5
wa078187,lumo,15,10,subsoil,20,50,2023,8.29,-16.14,0.6135,7.03,33.48,41.47,14.1,25.050003
wa078188,lumo,16,1,topsoil,0,20,2023,10.24,-21.07,1.0543,7.19,27.53,25.95,19.48,46.519997
wa078189,lumo,16,1,subsoil,20,50,2023,9.91,-19.38,0.8025,7.63,28.32,34.08,19.17,37.6
wa078190,lumo,16,2,topsoil,0,20,2023,14.53,-15.75,1.2937,8.21,26.83,21.92,873.51,51.25
wa078191,lumo,16,3,topsoil,0,20,2023,13.0,-20.3,1.2845,7.48,27.36,32.53,26.85,40.11
wa078192,lumo,16,3,subsoil,20,50,2023,11.2,-18.28,0.7879,8.26,27.39,36.61,31.49,36.0
wa078193,lumo,16,4,topsoil,0,20,2023,15.32,-19.55,1.2775,7.9,24.75,21.59,29.03,53.66
wa078194,lumo,16,4,subsoil,20,50,2023,9.92,-16.83,1.0215,7.75,22.47,25.68,42.11,51.85
wa078195,lumo,16,5,topsoil,0,20,2023,18.96,-17.84,1.9842,7.64,23.55,18.13,97.14,58.32
wa078196,lumo,16,6,topsoil,0,20,2023,13.09,-18.19,1.2384,7.71,25.94,23.71,27.68,50.35
wa078197,lumo,16,6,subsoil,20,50,2023,13.09,-18.86,1.2065,7.45,23.01,24.55,27.8,52.440002
wa078198,lumo,16,8,topsoil,0,20,2023,11.62,-18.67,0.8648,6.97,23.12,43.03,20.45,33.85
wa078199,lumo,16,8,subsoil,20,50,2023,8.91,-19.61,0.6524,7.23,21.67,46.84,15.81,31.489998
wa078200,lumo,16,9,topsoil,0,20,2023,10.85,-21.94,0.7449,7.32,21.81,41.34,23.87,36.85
wa078201,lumo,16,9,subsoil,20,50,2023,9.0,-20.48,0.6199,7.64,24.01,38.81,17.06,37.18
wa078202,lumo,16,12,topsoil,0,20,2023,8.95,-20.79,1.1132,6.72,25.63,29.75,20.04,44.620003
wa078203,lumo,16,12,subsoil,20,50,2023,9.07,-19.74,0.8586,7.09,27.76,29.57,17.74,42.67
wa078204,lumo,16,14,topsoil,0,20,2023,30.51,-22.65,2.2213,7.13,15.39,19.92,62.71,64.69
wa074235,kalamba,1,1,CM,0,20,2023,6.12,-23.01,1.0363,6.62,34.12,32.58,13.74,33.300003
wa074236,kalamba,1,1,CM,20,50,2023,8.03,-18.89,0.7713,6.53,26.54,34.93,19.57,38.53
wa074237,kalamba,1,2,CM,0,20,2023,6.14,-19.63,0.5865,5.65,32.93,55.3,5.08,11.770004
wa074238,kalamba,1,2,CM,20,50,2023,6.45,-17.29,0.5703,5.15,16.81,70.96,8.34,12.230003
wa074239,kalamba,1,3,CM,0,20,2023,6.65,-20.36,0.6237,6.05,32.05,55.03,7.07,12.919998
wa074240,kalamba,1,3,CM,20,50,2023,6.37,-19.07,0.6712,6.25,22.24,61.22,8.83,16.54
wa074241,kalamba,1,4,CM,0,20,2023,8.18,-22.03,0.7421,8.09,39.0,43.88,12.86,17.119995
wa074242,kalamba,1,4,CM,20,50,2023,5.95,-16.93,0.4317,6.65,30.49,65.22,11.14,4.290001
wa074243,kalamba,1,4,CM,50,80,2023,7.57,-20.15,0.5704,7.77,25.57,53.5,16.8,20.93
wa074244,kalamba,1,4,CM,80,110,2023,4.3,-18.76,0.3791,6.54,29.05,57.33,9.62,13.619995
wa074245,kalamba,1,6,CM,0,20,2023,6.4,-19.01,0.4779,7.46,15.77,65.75,38.6,18.479996
wa074246,kalamba,1,6,CM,20,50,2023,5.23,-21.2,0.3478,7.17,20.59,75.8,51.09,3.6100006
wa074247,kalamba,1,8,CM,0,20,2023,8.89,-21.85,0.8723,6.02,37.16,40.13,6.65,22.71
wa074248,kalamba,1,8,CM,20,50,2023,5.72,-22.77,0.4285,6.99,14.83,86.14,50.2,0.0
wa074249,kalamba,1,8,CM,50,80,2023,2.57,-17.69,0.5486,5.76,15.85,57.86,7.05,26.29
wa074250,kalamba,1,8,CM,80,110,2023,3.52,-15.16,0.4144,5.9,13.21,51.61,6.94,35.18
wa074251,kalamba,1,9,CM,0,20,2023,5.36,-18.01,0.4864,5.45,24.84,57.11,7.85,18.050003
wa074252,kalamba,1,9,CM,20,50,2023,4.1,-16.08,0.4827,5.74,17.39,66.19,7.8,16.419998
wa074253,kalamba,1,9,CM,50,80,2023,3.05,-16.27,0.4265,5.59,21.99,67.26,9.16,10.75
wa074254,kalamba,1,9,CM,80,110,2023,3.85,-16.55,0.4242,5.83,17.22,62.94,8.33,19.840004
wa074255,kalamba,1,10,CM,0,20,2023,7.27,-17.86,0.5998,6.22,24.1,65.69,7.38,10.209999
wa074256,kalamba,1,10,CM,20,50,2023,4.02,-17.4,0.4909,5.83,15.43,72.38,10.39,12.190002
wa074257,kalamba,1,10,CM,50,80,2023,4.46,-18.32,0.5276,6.04,18.61,69.66,10.04,11.729996
wa074258,kalamba,1,10,CM,80,110,2023,3.45,-18.3,0.4823,5.74,15.76,71.81,10.3,12.43
wa074259,kalamba,1,13,CM,0,20,2023,4.53,-23.26,0.4185,6.54,37.54,37.14,5.64,25.32
wa074260,kalamba,1,13,CM,20,50,2023,6.46,-16.15,0.5531,6.19,16.91,61.41,9.36,21.68
wa074261,kalamba,1,13,CM,50,80,2023,4.01,-16.77,0.5175,5.47,15.11,68.86,9.51,16.029999
wa074262,kalamba,2,1,CM,0,20,2023,8.37,-19.55,0.812,5.81,17.8,64.58,8.24,17.619995
wa074263,kalamba,2,1,CM,20,50,2023,7.73,-21.02,0.7973,5.78,18.32,63.19,7.99,18.490005
wa074264,kalamba,2,1,CM,50,80,2023,10.13,-20.59,0.8523,5.74,16.78,69.04,9.5,14.18
wa074265,kalamba,2,1,CM,80,110,2023,6.29,-17.67,0.7413,5.46,11.72,62.06,10.78,26.220001
wa074266,kalamba,2,2,CM,0,20,2023,5.41,-22.0,0.4324,6.58,39.89,25.21,3.68,34.9
wa074267,kalamba,2,2,CM,20,50,2023,5.13,-19.02,0.3989,5.77,35.21,47.48,6.61,17.309998
wa074268,kalamba,2,2,CM,50,80,2023,5.05,-16.9,0.4375,5.84,19.08,62.67,7.34,18.25
wa074269,kalamba,2,3,CM,0,20,2023,7.03,-21.67,0.6131,6.46,35.7,42.09,8.34,22.21
wa074270,kalamba,2,3,CM,20,50,2023,5.64,-17.67,0.6013,6.2,32.37,53.08,10.13,14.550003
wa074271,kalamba,2,3,CM,50,80,2023,6.73,-18.85,0.642,6.3,29.16,55.95,10.84,14.889999
wa074272,kalamba,2,3,CM,80,110,2023,9.82,-17.61,0.7549,5.95,22.12,52.49,17.75,25.39
wa074273,kalamba,2,4,CM,0,20,2023,3.37,-17.0,0.5812,5.57,12.75,74.78,7.27,12.470001
wa074274,kalamba,2,4,CM,20,50,2023,3.26,-17.52,0.5274,5.23,9.87,69.95,4.64,20.18
wa074275,kalamba,2,4,CM,50,80,2023,2.74,-17.54,0.4669,5.39,8.34,74.0,4.12,17.660004
wa074276,kalamba,2,4,CM,80,110,2023,2.83,-17.17,0.3991,5.31,11.64,66.49,3.97,21.870003
wa074277,kalamba,2,5,CM,0,20,2023,4.09,-23.11,0.4683,6.53,53.58,17.5,3.19,28.919998
wa074278,kalamba,2,5,CM,20,50,2023,2.48,-21.91,0.4182,6.47,61.23,18.18,2.98,20.589996
wa074279,kalamba,2,6,CM,0,20,2023,15.01,-20.22,1.1007,6.3,14.71,58.79,17.92,26.5
wa074280,kalamba,2,6,CM,20,50,2023,9.9,-17.87,0.86,6.37,24.27,56.84,19.35,18.89
wa074281,kalamba,2,6,CM,50,80,2023,15.68,-16.04,0.6252,6.73,9.05,70.2,22.13,20.75
wa074282,kalamba,2,6,CM,80,110,2023,8.76,-16.45,0.7312,6.26,16.18,59.15,18.6,24.669998
wa074283,kalamba,2,7,CM,0,20,2023,24.79,-21.75,1.6094,6.09,24.41,43.82,14.05,31.770004
wa074284,kalamba,2,7,CM,20,50,2023,8.56,-18.58,0.8268,6.44,33.84,40.35,12.13,25.809998
wa074285,kalamba,2,8,CM,0,20,2023,7.33,-22.84,0.6686,7.54,32.78,54.29,10.99,12.93
wa074286,kalamba,2,8,CM,20,50,2023,6.3,-22.36,0.6137,7.85,29.29,54.32,12.22,16.39
wa074287,kalamba,2,8,CM,50,60,2023,6.4,-21.36,0.6878,6.79,24.92,61.12,12.37,13.959999
wa074288,kalamba,2,9,CM,0,20,2023,5.09,-21.45,0.5029,5.81,28.99,46.74,5.75,24.269997
wa074289,kalamba,2,9,CM,20,50,2023,3.66,-21.0,0.3523,5.66,37.23,48.45,6.14,14.32
wa074290,kalamba,2,9,CM,50,80,2023,4.81,-20.0,0.4232,5.93,23.54,59.67,10.46,16.79
wa074291,kalamba,2,9,CM,80,110,2023,4.06,-19.23,0.3521,5.83,29.92,56.32,10.4,13.760002
wa074292,kalamba,2,10,CM,0,20,2023,4.12,-24.93,0.5471,7.55,40.8,22.89,3.94,36.31
wa074293,kalamba,2,10,CM,20,50,2023,4.07,-21.8,0.4842,6.65,40.27,31.18,4.46,28.550003
wa074294,kalamba,2,10,CM,50,80,2023,2.32,-22.24,0.2786,6.7,57.45,17.68,2.62,24.869995
wa074295,kalamba,2,10,CM,80,110,2023,1.82,-20.33,0.2601,6.69,69.51,11.85,2.4,18.64
wa074296,kalamba,3,1,CM,0,20,2023,13.05,-18.16,1.229,5.9,25.5,54.01,12.82,20.490005
wa074297,kalamba,3,1,CM,20,50,2023,9.36,-17.81,0.8045,5.69,24.12,52.84,15.95,23.04
wa074298,kalamba,3,1,CM,50,80,2023,5.75,-13.22,0.7015,5.88,15.02,66.91,12.45,18.069992
wa074299,kalamba,3,1,CM,80,110,2023,5.98,-12.99,0.6919,6.06,16.78,61.91,15.27,21.309998
wa074300,kalamba,3,2,CM,0,20,2023,9.84,-19.92,0.9442,6.08,24.91,48.86,8.02,26.229996
wa074301,kalamba,3,2,CM,20,50,2023,7.78,-19.14,0.6435,6.42,20.44,36.61,7.03,42.949997
wa074302,kalamba,3,2,CM,50,80,2023,4.42,-21.95,0.5067,6.55,29.37,34.56,7.83,36.07
wa074303,kalamba,3,2,CM,80,110,2023,2.74,-24.6,0.2711,7.51,48.37,23.33,6.67,28.300003
wa074304,kalamba,3,3,CM,0,20,2023,6.48,-16.57,0.6219,6.91,45.23,33.73,18.32,21.04
wa074305,kalamba,3,3,CM,20,50,2023,7.03,-15.73,0.6078,6.85,42.3,35.77,20.65,21.93
wa074306,kalamba,3,4,CM,0,20,2023,5.97,-21.14,0.6685,6.24,32.3,41.46,7.32,26.240005
wa074307,kalamba,3,4,CM,20,50,2023,2.78,-18.57,0.4541,5.05,23.68,65.55,5.06,10.769997
wa074308,kalamba,3,5,CM,0,20,2023,7.73,-14.85,0.6842,6.05,18.93,63.26,10.3,17.809998
wa074309,kalamba,3,5,CM,20,50,2023,6.42,-17.97,0.6718,5.9,28.19,58.14,11.38,13.669998
wa074310,kalamba,3,6,CM,0,20,2023,9.69,-20.82,0.9721,6.21,36.3,29.61,13.94,34.089996
wa074311,kalamba,3,6,CM,20,50,2023,8.08,-17.16,0.7168,6.09,39.94,40.51,13.97,19.550003
wa074312,kalamba,3,6,CM,50,80,2023,4.72,-18.45,0.55,6.34,35.73,39.46,11.23,24.809998
wa074313,kalamba,3,6,CM,80,110,2023,4.15,-18.53,0.589,6.53,38.32,38.01,13.07,23.669998
wa074314,kalamba,3,7,CM,0,20,2023,9.26,-21.49,0.787,6.22,16.12,59.77,10.1,24.11
wa074315,kalamba,3,7,CM,20,50,2023,8.17,-18.22,0.7272,6.03,15.39,62.77,8.63,21.839996
wa074316,kalamba,3,8,CM,0,20,2023,13.45,-22.63,1.3787,7.37,35.02,44.21,22.01,20.770004
wa074317,kalamba,3,8,CM,20,50,2023,12.42,-16.23,0.881,6.7,19.51,55.82,19.74,24.669998
wa074318,kalamba,3,8,CM,50,80,2023,12.22,-15.28,0.854,6.19,13.68,60.19,23.15,26.130005
wa074319,kalamba,3,10,CM,0,20,2023,6.09,-17.5,0.4854,6.08,37.45,32.69,9.64,29.86
wa074320,kalamba,3,10,CM,20,50,2023,4.65,-19.65,0.5317,5.93,36.74,22.52,5.72,40.739998
wa074321,kalamba,3,10,CM,50,80,2023,15.76,-16.97,0.7817,6.04,24.67,44.36,18.32,30.970001
wa074322,kalamba,3,10,CM,80,110,2023,11.8,-16.48,0.5754,6.47,12.1,62.69,18.22,25.21
wa074323,kalamba,4,4,CM,0,20,2023,43.15,-27.29,3.0349,4.6,23.68,49.42,5.72,26.900002
wa074324,kalamba,4,4,CM,20,50,2023,23.92,-23.99,1.9899,5.54,28.32,32.34,2.78,39.34
wa074325,kalamba,4,4,CM,50,80,2023,11.17,-25.24,1.2148,4.65,10.57,52.44,3.39,36.99
wa074326,kalamba,4,4,CM,80,110,2023,3.4,-21.8,0.4055,4.68,10.23,40.99,3.06,48.78
wa074327,kalamba,4,5,CM,0,20,2023,35.27,-22.99,2.4145,4.78,18.35,68.55,3.59,13.099998
wa074328,kalamba,4,5,CM,20,50,2023,33.49,-20.64,1.9823,4.85,11.55,75.9,5.31,12.549995
wa074329,kalamba,4,5,CM,50,80,2023,26.52,-18.35,1.5114,4.88,10.58,83.09,6.03,6.330002
wa074330,kalamba,4,5,CM,80,110,2023,22.62,-22.07,1.2752,5.01,10.29,73.91,5.35,15.799995
wa074331,kalamba,4,6,CM,0,20,2023,44.72,-25.43,3.3287,4.91,12.88,67.53,7.59,19.590004
wa074332,kalamba,4,6,CM,20,50,2023,47.17,-25.07,3.9252,4.91,11.72,71.46,7.41,16.82
wa074333,kalamba,4,6,CM,50,80,2023,38.66,-25.85,2.5877,5.43,11.65,72.3,7.85,16.049995
wa074334,kalamba,4,6,CM,80,110,2023,33.89,-25.89,2.4698,5.64,13.59,69.61,8.53,16.800003
wa074335,kalamba,4,8,CM,0,20,2023,36.24,-24.22,1.8652,4.76,24.31,49.55,4.03,26.14
wa074336,kalamba,4,8,CM,20,50,2023,24.02,-21.28,1.0696,4.9,17.45,60.59,3.76,21.96
wa074337,kalamba,4,8,CM,50,80,2023,14.15,-21.16,0.7092,4.84,14.93,64.35,5.41,20.720001
wa074338,kalamba,4,8,CM,80,110,2023,8.3,-20.21,0.6076,5.15,17.42,60.18,9.94,22.400002
wa074339,kalamba,4,9,CM,0,20,2023,35.77,-25.36,2.3104,4.86,44.54,39.28,3.23,16.18
wa074340,kalamba,4,9,CM,20,50,2023,14.84,-24.58,0.7984,5.11,20.67,59.2,4.17,20.129997
wa074341,kalamba,4,9,CM,50,80,2023,1.77,-23.09,0.2742,5.53,26.59,43.37,6.52,30.04
wa074342,kalamba,4,9,CM,80,110,2023,1.16,-23.24,0.2111,5.19,23.93,57.08,5.73,18.989998
wa074343,kalamba,4,10,CM,0,20,2023,20.4,-23.39,1.2263,4.95,25.14,46.92,5.31,27.940002
wa074344,kalamba,4,10,CM,20,50,2023,20.39,-20.22,1.0029,5.13,15.07,67.19,3.89,17.739998
wa074345,kalamba,4,10,CM,50,80,2023,21.81,-19.88,0.8082,4.95,15.78,63.96,3.01,20.260002
wa074346,kalamba,4,10,CM,80,110,2023,14.88,-19.85,0.8794,5.01,15.06,64.88,4.5,20.060005
wa074347,kalamba,4,12,CM,0,20,2023,78.12,-24.72,4.354,4.41,23.43,49.92,11.03,26.650002
wa074348,kalamba,4,12,CM,20,50,2023,32.69,-21.42,1.7692,4.79,14.1,71.87,6.01,14.029999
wa074349,kalamba,4,12,CM,50,80,2023,30.25,-20.69,1.5284,4.8,13.67,70.15,6.75,16.18
wa074350,kalamba,4,12,CM,80,110,2023,21.25,-20.34,1.1612,4.88,11.96,71.09,3.78,16.950005
wa074351,kalamba,4,13,CM,0,20,2023,51.93,-24.36,3.2688,4.52,17.46,64.19,7.63,18.349998
wa074352,kalamba,4,13,CM,20,50,2023,36.45,-24.74,2.6684,5.15,10.29,69.73,7.83,19.979996
wa074353,kalamba,4,13,CM,50,80,2023,37.15,-24.18,2.2969,5.31,11.42,76.82,8.71,11.760002
wa074354,kalamba,4,13,CM,80,110,2023,25.38,-23.41,1.5055,4.96,10.48,79.01,6.63,10.5099945
wa074355,kalamba,5,1,CM,0,20,2023,7.94,-18.35,0.6615,5.53,19.62,58.43,9.68,21.949997
wa074356,kalamba,5,1,CM,20,50,2023,4.78,-17.96,0.4987,5.02,24.6,40.09,5.18,35.309998
wa074357,kalamba,5,1,CM,50,80,2023,3.47,-19.76,0.3723,5.18,33.38,42.21,4.7,24.410004
wa074358,kalamba,5,1,CM,80,110,2023,1.93,-22.37,0.2222,6.34,31.5,28.09,4.29,40.41
wa074359,kalamba,5,2,CM,0,20,2023,3.22,-21.48,0.3534,6.5,50.7,27.0,5.04,22.300003
wa074360,kalamba,5,2,CM,20,50,2023,4.39,-21.17,0.3826,6.28,41.68,32.79,4.2,25.529999
wa074361,kalamba,5,2,CM,50,80,2023,5.69,-19.81,0.4664,6.17,36.83,44.62,8.17,18.550003
wa074362,kalamba,5,2,CM,80,110,2023,5.16,-18.53,0.5127,6.25,21.13,65.09,13.05,13.780006
wa074363,kalamba,5,3,CM,0,20,2023,7.61,-20.8,0.6051,6.19,35.08,42.6,7.8,22.32
wa074364,kalamba,5,3,CM,20,50,2023,7.03,-18.41,0.6157,6.31,25.69,57.64,8.46,16.669998
wa074365,kalamba,5,4,CM,0,20,2023,4.93,-22.07,0.4301,6.51,54.94,20.74,3.28,24.32
wa074366,kalamba,5,4,CM,20,50,2023,6.58,-20.45,0.493,6.38,34.56,37.1,6.71,28.339996
wa074367,kalamba,5,4,CM,50,80,2023,6.31,-19.88,0.5005,6.57,32.15,49.95,11.86,17.899994
wa074368,kalamba,5,4,CM,80,110,2023,4.94,-17.78,0.484,6.68,25.14,58.23,11.9,16.630005
wa074369,kalamba,5,5,CM,0,20,2023,8.53,-19.99,0.8587,6.49,33.81,45.94,17.35,20.25
wa074370,kalamba,5,5,CM,20,50,2023,6.33,-14.25,0.6683,6.28,22.06,54.5,19.57,23.440002
wa074371,kalamba,5,6,CM,0,20,2023,7.43,-19.34,0.5188,5.73,30.2,55.86,5.61,13.940002
wa074372,kalamba,5,6,CM,20,50,2023,4.76,-16.48,0.4566,5.31,21.7,71.79,6.54,6.5099945
wa074373,kalamba,5,7,CM,0,20,2023,9.5,-22.83,0.4511,6.72,31.34,40.84,7.36,27.82
wa074374,kalamba,5,7,CM,20,50,2023,4.69,-16.72,0.5585,6.38,16.85,66.08,10.13,17.07
wa074375,kalamba,5,7,CM,50,80,2023,3.88,-17.35,0.4569,6.1,23.76,64.27,10.76,11.970001
wa074376,kalamba,5,7,CM,80,110,2023,3.3,-18.57,0.4888,6.39,22.26,65.79,9.84,11.949997
wa074377,kalamba,5,8,CM,0,20,2023,4.49,-21.73,0.3921,6.6,61.99,17.25,3.17,20.759995
wa074378,kalamba,5,8,CM,20,50,2023,2.44,-20.37,0.3031,5.87,51.47,23.2,2.48,25.330002
wa074379,kalamba,5,8,CM,50,80,2023,2.25,-20.28,0.2463,6.12,58.0,21.68,1.75,20.32
wa074380,kalamba,5,8,CM,80,110,2023,2.05,-20.22,0.2438,6.21,54.53,17.67,2.3,27.800003
wa074381,kalamba,5,9,CM,0,20,2023,4.84,-17.75,0.4502,6.05,47.28,27.47,7.68,25.25
wa074382,kalamba,5,9,CM,20,50,2023,2.18,-16.48,0.4697,6.27,35.13,37.17,6.88,27.699997
wa074383,kalamba,5,9,CM,50,80,2023,5.43,-18.69,0.482,5.94,44.68,23.73,6.11,31.589996
wa074384,kalamba,5,9,CM,80,110,2023,7.66,-22.95,0.7046,6.28,40.73,24.59,4.97,34.68
wa074385,kalamba,5,10,CM,0,20,2023,3.63,-15.66,0.5225,6.49,28.77,55.12,16.26,16.11
wa074386,kalamba,5,10,CM,20,50,2023,5.53,-16.38,0.5101,6.7,25.24,56.68,13.42,18.080002
wa074387,kalamba,5,10,CM,50,80,2023,6.04,-15.93,0.5499,6.71,19.72,62.87,14.67,17.410004
wa074388,kalamba,5,10,CM,80,110,2023,6.87,-20.91,0.6723,6.62,33.61,47.86,11.25,18.529999
wa074389,kalamba,6,1,CM,0,20,2023,11.14,-20.15,1.2181,6.13,11.57,71.35,11.44,17.080002
wa074390,kalamba,6,1,CM,20,50,2023,6.05,-18.34,0.7318,5.49,9.28,76.46,9.02,14.260002
wa074391,kalamba,6,1,CM,50,80,2023,4.66,-15.34,0.6268,5.9,12.9,79.3,9.38,7.7999954
wa074392,kalamba,6,1,CM,80,110,2023,3.96,-15.7,0.6121,5.64,11.14,79.71,9.41,9.150002
wa074393,kalamba,6,2,CM,0,20,2023,7.86,-19.56,0.6576,5.93,37.21,49.58,6.72,13.209999
wa074394,kalamba,6,2,CM,20,50,2023,8.61,-15.84,0.57,5.91,25.76,66.04,10.76,8.199997
wa074395,kalamba,6,3,CM,0,20,2023,4.48,-19.96,0.6188,5.48,38.5,38.73,4.23,22.770004
wa074396,kalamba,6,3,CM,20,50,2023,6.17,-22.77,0.8311,6.43,37.99,35.11,7.7,26.899994
wa074397,kalamba,6,4,CM,0,20,2023,4.97,-20.79,0.6296,6.25,43.36,39.21,7.36,17.43
wa074398,kalamba,6,4,CM,20,50,2023,10.3,-18.85,0.8556,6.44,12.45,68.31,11.44,19.240005
wa074399,kalamba,6,4,CM,50,80,2023,7.1,-17.34,0.6712,5.53,17.4,73.98,5.67,8.619995
wa074400,kalamba,6,4,CM,80,110,2023,4.66,-17.58,0.472,5.54,12.58,75.28,7.13,12.139999
wa074401,kalamba,6,5,CM,0,20,2023,12.13,-22.97,1.1622,6.44,26.16,52.66,10.77,21.18
wa074402,kalamba,6,5,CM,20,50,2023,11.32,-20.93,0.9455,7.07,15.18,65.71,17.7,19.11
wa074403,kalamba,6,6,CM,0,20,2023,7.5,-18.1,0.5586,6.23,25.22,53.54,10.22,21.239998
wa074404,kalamba,6,6,CM,20,50,2023,6.76,-19.31,0.544,5.85,32.72,50.26,7.25,17.020004
wa074405,kalamba,6,6,CM,50,80,2023,7.74,-18.08,0.5915,5.88,18.07,59.77,12.37,22.160004
wa074406,kalamba,6,6,CM,80,110,2023,4.84,-15.89,0.547,6.09,18.31,63.67,11.03,18.020004
wa074407,kalamba,6,7,CM,0,20,2023,15.24,-22.68,1.2549,6.79,40.71,40.63,11.0,18.660004
wa074408,kalamba,6,7,CM,20,50,2023,6.91,-17.31,0.5907,6.87,23.06,55.51,10.56,21.43
wa074409,kalamba,6,7,CM,50,80,2023,5.23,-17.31,0.5676,6.61,14.77,55.83,18.36,29.399994
wa074410,kalamba,6,7,CM,80,110,2023,5.34,-18.32,0.5043,6.23,17.66,37.36,7.06,44.98
wa074411,kalamba,6,8,CM,0,20,2023,11.24,-20.33,0.8572,6.44,14.25,73.38,10.19,12.370003
wa074412,kalamba,6,8,CM,20,50,2023,5.97,-18.82,0.6853,5.72,13.08,72.14,11.77,14.779999
wa074413,kalamba,6,8,CM,50,80,2023,4.8,-17.82,0.6174,6.09,11.99,83.51,7.84,4.5
wa074414,kalamba,6,8,CM,80,110,2023,2.77,-18.01,0.3874,5.89,14.17,79.79,8.92,6.040001
wa074415,kalamba,6,10,CM,0,20,2023,8.58,-20.11,0.7878,6.19,24.09,65.68,7.91,10.229996
wa074416,kalamba,6,10,CM,20,50,2023,7.0,-17.2,0.691,5.91,13.23,75.56,8.79,11.210007
wa074417,kalamba,6,10,CM,50,80,2023,4.81,-16.36,0.55,5.95,15.24,75.74,9.23,9.020004
wa074418,kalamba,6,10,CM,80,110,2023,3.99,-16.96,0.5484,5.73,11.81,81.36,8.63,6.830002
wa074419,kalamba,6,11,CM,0,20,2023,6.47,-21.03,0.5267,5.86,39.56,40.64,8.22,19.800003
wa074420,kalamba,6,11,CM,20,50,2023,4.44,-15.07,0.5287,6.3,22.49,59.06,13.4,18.449997
wa074421,kalamba,6,11,CM,50,80,2023,3.24,-14.53,0.4231,6.32,34.84,54.72,12.5,10.440002
wa074422,kalamba,6,11,CM,80,110,2023,3.57,-14.96,0.4604,6.39,24.88,55.88,16.28,19.239998
wa074423,kalamba,7,1,CM,0,20,2023,3.59,-19.4,0.523,8.09,40.16,37.82,19.64,22.020004
wa074424,kalamba,7,1,CM,20,50,2023,2.97,-19.84,0.3975,7.65,45.0,37.62,12.76,17.380005
wa074425,kalamba,7,1,CM,50,80,2023,1.3,-18.76,0.1956,8.31,43.04,30.08,11.63,26.879997
wa074426,kalamba,7,1,CM,80,110,2023,1.08,-20.45,0.155,8.15,48.92,30.15,10.93,20.93
wa074427,kalamba,7,2,CM,0,20,2023,5.69,-17.62,0.6213,5.89,29.65,59.38,5.71,10.970001
wa074428,kalamba,7,2,CM,20,40,2023,9.21,-17.75,0.8261,5.49,22.06,58.63,5.81,19.309998
wa074429,kalamba,7,3,CM,0,20,2023,4.33,-20.36,0.5067,6.36,30.22,59.26,8.29,10.520004
wa074430,kalamba,7,3,CM,20,50,2023,3.81,-17.9,0.4822,5.19,17.62,63.67,7.7,18.71
wa074431,kalamba,7,3,CM,50,80,2023,2.48,-18.08,0.3503,5.21,23.09,60.51,7.22,16.400002
wa074432,kalamba,7,3,CM,80,110,2023,2.31,-17.55,0.3318,5.27,22.04,57.84,7.51,20.119995
wa074433,kalamba,7,6,CM,0,20,2023,7.03,-21.74,0.667,6.07,36.27,44.4,5.4,19.330002
wa074434,kalamba,7,6,CM,20,50,2023,4.64,-14.88,0.4119,5.99,30.08,64.33,8.22,5.5899963
wa074435,kalamba,7,6,CM,50,80,2023,3.1,-16.87,0.4169,6.06,22.48,62.29,8.11,15.229996
wa074436,kalamba,7,6,CM,80,110,2023,3.26,-16.62,0.4515,5.71,17.99,69.31,10.46,12.700005
wa074437,kalamba,7,8,CM,0,20,2023,3.96,-17.87,0.5038,6.05,21.87,54.77,9.64,23.36
wa074438,kalamba,7,8,CM,20,50,2023,3.68,-17.68,0.407,6.49,22.88,53.59,9.81,23.529999
wa074439,kalamba,7,8,CM,50,80,2023,2.52,-17.27,0.3601,6.15,28.81,48.03,8.41,23.160004
wa074440,kalamba,7,8,CM,80,110,2023,3.34,-16.72,0.31,5.82,30.78,48.15,7.72,21.07
wa074441,kalamba,7,10,CM,0,20,2023,6.25,-17.3,0.5414,5.83,18.31,55.27,10.54,26.419998
wa074442,kalamba,7,10,CM,20,50,2023,4.02,-16.29,0.5529,5.97,16.29,64.14,12.03,19.57
wa074443,kalamba,8,1,CM,0,20,2023,3.29,-21.77,0.4036,5.75,23.61,41.37,3.47,35.020004
wa074444,kalamba,8,1,CM,20,50,2023,2.38,-21.32,0.4463,5.73,26.57,45.84,5.08,27.589996
wa074445,kalamba,8,1,CM,50,80,2023,1.67,-20.49,0.4264,5.71,26.46,47.63,6.06,25.910004
wa074446,kalamba,8,3,CM,0,20,2023,4.47,-22.24,0.4354,6.32,43.56,30.84,5.33,25.599998
wa074447,kalamba,8,3,CM,20,50,2023,5.18,-17.57,0.5283,6.26,24.64,59.96,10.2,15.400002
wa074448,kalamba,8,3,CM,50,80,2023,4.38,-22.24,0.5223,6.58,39.79,33.63,6.0,26.580002
wa074449,kalamba,8,3,CM,80,110,2023,3.6,-16.13,0.4091,6.14,21.97,64.06,10.19,13.970001
wa074450,kalamba,8,4,CM,0,20,2023,3.55,-20.8,0.2704,5.7,37.51,27.83,3.89,34.660004
wa074451,kalamba,8,4,CM,20,50,2023,2.18,-21.93,0.3497,5.67,27.55,32.99,5.67,39.46
wa074452,kalamba,8,4,CM,50,70,2023,3.42,-21.25,0.5084,5.66,29.68,37.45,9.13,32.869995
wa074453,kalamba,8,5,CM,0,20,2023,4.92,-24.29,0.7268,5.72,32.29,33.3,4.89,34.410004
wa074454,kalamba,8,5,CM,20,40,2023,4.0,-20.51,0.5853,5.29,45.4,34.14,4.91,20.46
wa074455,kalamba,8,7,CM,0,20,2023,7.03,-24.35,0.7807,6.44,45.95,24.5,9.2,29.550003
wa074456,kalamba,8,7,CM,20,40,2023,4.52,-22.2,0.5506,6.38,46.44,29.6,8.36,23.96
wa074457,kalamba,8,8,CM,0,20,2023,5.79,-20.81,0.6527,5.8,30.6,45.26,7.88,24.14
wa074458,kalamba,8,8,CM,20,50,2023,4.67,-17.06,0.6328,5.65,23.19,50.54,8.34,26.269997
wa074459,kalamba,8,8,CM,50,80,2023,2.65,-20.66,0.3214,6.17,40.76,41.57,7.0,17.669998
wa074460,kalamba,8,8,CM,80,110,2023,2.5,-21.73,0.2788,6.41,44.28,29.86,4.01,25.86
wa074461,kalamba,8,12,CM,0,20,2023,10.19,-22.21,0.8105,6.42,32.13,46.73,9.12,21.14
wa074462,kalamba,8,12,CM,20,50,2023,3.69,-17.78,0.5332,6.7,21.76,56.88,6.23,21.36
wa074463,kalamba,9,1,CM,0,20,2023,64.53,-25.23,4.6521,4.45,19.38,54.37,13.79,26.25
wa074464,kalamba,9,1,CM,20,50,2023,52.93,-24.55,3.5599,4.66,12.55,60.89,14.17,26.559998
wa074465,kalamba,9,1,CM,50,80,2023,42.43,-24.45,2.6471,5.0,11.67,66.38,14.36,21.950005
wa074466,kalamba,9,1,CM,80,110,2023,24.88,-23.51,1.4429,4.96,12.45,81.16,7.09,6.3899994
wa074467,kalamba,9,3,CM,0,20,2023,40.04,-24.9,2.9084,5.76,39.9,35.06,23.79,25.039993
wa074468,kalamba,9,3,CM,20,50,2023,29.67,-21.29,1.7433,5.28,29.91,44.96,10.11,25.130005
wa074469,kalamba,9,5,CM,0,20,2023,42.71,-24.2,2.5885,5.55,13.94,65.2,14.81,20.86
wa074470,kalamba,9,5,CM,20,50,2023,20.8,-23.17,0.9518,5.19,15.64,59.28,9.83,25.080002
wa074471,kalamba,9,5,CM,50,80,2023,5.47,-20.37,0.5757,5.35,18.26,42.09,7.88,39.65
wa074472,kalamba,9,5,CM,80,110,2023,4.13,-19.62,0.4717,5.35,24.05,38.4,8.66,37.55
wa074473,kalamba,9,6,CM,0,20,2023,19.24,-22.34,1.5276,5.83,41.63,37.37,11.23,21.0
wa074474,kalamba,9,6,CM,20,50,2023,8.09,-19.21,0.7722,5.52,21.77,52.27,4.61,25.96
wa074475,kalamba,9,6,CM,50,80,2023,4.6,-18.33,0.5328,5.36,18.53,59.92,3.45,21.550003
wa074476,kalamba,9,6,CM,80,110,2023,4.67,-19.48,0.4909,5.3,17.1,65.49,5.29,17.410004
wa074477,kalamba,9,7,CM,0,20,2023,26.43,-23.12,1.8494,6.0,20.74,54.22,13.11,25.04
wa074478,kalamba,9,7,CM,20,50,2023,11.15,-22.83,0.991,6.17,19.04,54.96,6.74,26.0
wa074479,kalamba,9,7,CM,50,80,2023,5.76,-20.43,0.6947,6.16,19.1,40.47,6.22,40.43
wa074480,kalamba,9,7,CM,80,110,2023,4.97,-22.96,0.4988,6.3,31.4,47.81,11.65,20.79
wa074481,kalamba,9,8,CM,0,20,2023,40.7,-25.99,2.8361,5.32,13.23,60.69,14.2,26.080002
wa074482,kalamba,9,8,CM,20,50,2023,31.23,-21.63,1.2761,4.66,7.22,85.66,7.28,7.119995
wa074483,kalamba,9,8,CM,50,80,2023,12.53,-20.32,0.7253,4.91,10.99,63.04,6.25,25.970001
wa074484,kalamba,9,10,CM,0,20,2023,49.0,-24.34,3.0084,4.89,18.05,58.79,14.25,23.160004
wa074485,kalamba,9,10,CM,20,50,2023,33.19,-23.93,1.9264,5.04,16.45,74.47,7.23,9.080002
wa074486,kalamba,9,10,CM,50,80,2023,19.95,-23.97,1.3638,4.8,6.43,89.95,2.84,3.6200027
wa074487,kalamba,9,12,CM,0,20,2023,32.51,-24.29,2.258,5.74,29.71,47.5,20.47,22.79
wa074488,kalamba,9,12,CM,20,50,2023,6.96,-21.39,0.75,5.35,19.08,67.66,6.08,13.2599945
wa074489,kalamba,9,12,CM,80,110,2023,5.46,-19.67,0.4655,5.3,23.03,41.57,5.07,35.4
wa074490,kalamba,9,15,CM,0,20,2023,44.52,-25.01,2.5969,5.19,18.37,52.1,12.93,29.529999
wa074491,kalamba,9,15,CM,20,50,2023,11.39,-19.04,0.6705,5.17,15.1,62.83,9.69,22.07
wa074492,kalamba,9,15,CM,50,80,2023,11.02,-20.21,0.7212,4.96,13.48,60.63,4.2,25.89
wa074493,kalamba,9,15,CM,80,110,2023,27.98,-22.74,1.6194,5.07,12.55,64.91,6.88,22.539993
wa074494,kalamba,10,1,CM,0,20,2023,15.88,-23.67,0.9013,6.13,30.41,44.71,4.82,24.880005
wa074495,kalamba,10,1,CM,20,50,2023,7.54,-22.05,0.7169,5.62,27.21,55.04,3.79,17.75
wa074496,kalamba,10,1,CM,50,80,2023,6.95,-21.51,0.5339,6.24,20.56,40.49,5.68,38.949997
wa074497,kalamba,10,1,CM,80,92,2023,3.95,-22.92,0.4536,6.37,38.64,36.65,4.27,24.71
wa074498,kalamba,10,2,CM,0,20,2023,15.47,-24.01,1.0342,6.81,19.24,52.65,10.21,28.11
wa074499,kalamba,10,2,CM,20,50,2023,5.47,-20.32,0.6357,5.75,16.16,59.63,8.25,24.21
wa074500,kalamba,10,2,CM,50,80,2023,4.88,-23.96,0.3994,5.47,22.92,57.75,7.78,19.330002
wa074501,kalamba,10,2,CM,80,110,2023,3.26,-23.58,0.2177,5.45,28.6,55.95,3.89,15.449997
wa074502,kalamba,10,3,CM,0,20,2023,3.95,-22.83,0.4733,6.97,47.11,28.71,3.07,24.18
wa074503,kalamba,10,3,CM,20,50,2023,2.73,-22.45,0.298,6.72,58.25,23.5,3.2,18.25
wa074504,kalamba,10,3,CM,50,80,2023,2.38,-22.68,0.2622,7.32,62.25,19.59,1.94,18.160004
wa074505,kalamba,10,4,CM,0,20,2023,4.27,-18.32,0.6113,5.95,47.46,41.54,9.3,11.0
wa074506,kalamba,10,4,CM,20,50,2023,4.8,-19.22,0.3952,6.16,45.32,44.52,7.95,10.160004
wa074507,kalamba,10,5,CM,0,20,2023,7.93,-19.54,0.9088,4.96,16.18,71.73,3.93,12.089996
wa074508,kalamba,10,5,CM,20,50,2023,6.94,-19.36,0.6265,5.29,15.83,63.89,7.01,20.279999
wa074509,kalamba,10,6,CM,0,20,2023,6.95,-20.07,0.8725,5.34,12.5,64.76,8.25,22.739998
wa074510,kalamba,10,6,CM,20,50,2023,6.74,-19.9,0.6795,5.79,22.86,57.8,7.14,19.339996
wa074511,kalamba,10,6,CM,50,80,2023,4.47,-20.57,0.5181,6.01,31.37,50.43,7.86,18.199997
wa074512,kalamba,10,6,CM,80,110,2023,5.39,-22.27,0.4949,6.89,19.72,51.42,8.89,28.86
wa074513,kalamba,10,7,CM,0,20,2023,10.21,-19.25,0.9076,5.79,27.36,50.77,12.64,21.869995
wa074514,kalamba,10,7,CM,20,50,2023,7.23,-17.39,0.7846,5.93,34.64,54.7,13.08,10.660004
wa074515,kalamba,10,7,CM,50,80,2023,4.97,-16.63,0.6089,6.34,30.65,48.88,15.65,20.470001
wa074516,kalamba,10,7,CM,80,110,2023,4.58,-20.12,0.5268,6.47,32.07,31.06,17.1,36.870003
wa074517,kalamba,10,8,CM,0,20,2023,8.93,-22.93,0.8077,6.56,41.07,37.45,6.43,21.479996
wa074518,kalamba,10,8,CM,20,50,2023,7.65,-20.51,0.6652,6.49,40.25,46.48,7.86,13.270004
wa074519,kalamba,10,10,CM,0,20,2023,6.24,-22.82,0.6078,6.59,42.9,39.49,7.57,17.61
wa074520,kalamba,10,10,CM,20,50,2023,4.37,-20.98,0.5051,6.32,42.71,45.49,8.09,11.800003
wa074521,kalamba,10,10,CM,50,80,2023,3.95,-23.27,0.3986,7.39,37.87,32.11,8.03,30.020004
wa074522,kalamba,10,10,CM,80,90,2023,3.24,-26.48,0.1772,7.9,49.14,30.03,7.31,20.830002
wa074523,kalamba,10,11,CM,0,20,2023,4.96,-21.53,0.6734,5.56,39.03,37.38,3.16,23.589996
wa074524,kalamba,10,11,CM,20,50,2023,4.62,-17.44,0.6687,5.28,34.08,51.73,3.39,14.190002
wa074525,kalamba,11,1,CM,0,20,2023,9.52,-21.09,0.6089,6.62,31.61,62.48,11.19,5.9100037
wa074526,kalamba,11,1,CM,20,50,2023,5.78,-19.79,0.6289,6.4,17.13,68.76,13.17,14.110001
wa074527,kalamba,11,1,CM,50,80,2023,3.92,-18.94,0.4558,5.81,18.38,71.93,11.7,9.690002
wa074528,kalamba,11,3,CM,0,20,2023,8.29,-19.33,0.6644,6.74,33.91,54.18,9.39,11.910004
wa074529,kalamba,11,3,CM,20,50,2023,4.75,-16.96,0.5732,6.2,15.69,64.49,16.97,19.82
wa074530,kalamba,11,3,CM,50,80,2023,3.84,-17.01,0.4974,6.25,20.26,58.03,13.08,21.71
wa074531,kalamba,11,3,CM,80,110,2023,3.08,-18.26,0.4159,6.55,25.36,58.09,11.58,16.550003
wa074532,kalamba,11,6,CM,0,20,2023,5.62,-20.49,0.4447,6.39,40.89,52.89,7.08,6.220001
wa074533,kalamba,11,6,CM,20,50,2023,3.92,-18.83,0.4015,6.66,33.16,52.41,8.63,14.43
wa074534,kalamba,11,6,CM,50,80,2023,3.14,-19.23,0.2991,6.5,41.87,51.48,7.52,6.6500015
wa074535,kalamba,11,6,CM,80,110,2023,2.3,-20.16,0.2434,6.92,36.8,51.46,8.07,11.7400055
wa074536,kalamba,11,7,CM,0,20,2023,10.2,-20.64,0.7939,6.16,37.6,48.43,11.26,13.970001
wa074537,kalamba,11,7,CM,20,50,2023,7.97,-15.72,0.7806,5.95,25.34,62.25,11.84,12.410004
wa074538,kalamba,11,7,CM,50,80,2023,4.99,-14.13,0.6468,5.94,24.76,66.51,11.27,8.729996
wa074539,kalamba,11,7,CM,80,110,2023,5.72,-16.53,0.6086,5.8,13.96,63.17,10.05,22.870003
wa074540,kalamba,11,8,CM,0,20,2023,5.98,-18.22,0.6093,5.61,34.7,50.07,5.2,15.229996
wa074541,kalamba,11,8,CM,20,50,2023,4.15,-17.08,0.42,5.5,44.53,46.08,5.41,9.389999
wa074542,kalamba,11,8,CM,50,80,2023,2.3,-18.45,0.323,5.75,40.07,44.74,5.49,15.190002
wa074543,kalamba,11,8,CM,80,110,2023,2.07,-18.58,0.2759,5.9,47.69,36.28,5.33,16.029999
wa074544,kalamba,11,9,CM,0,20,2023,4.03,-22.61,0.5985,6.87,39.58,27.77,6.45,32.649994
wa074545,kalamba,11,9,CM,20,50,2023,3.34,-18.29,0.423,6.24,36.8,56.33,8.53,6.869995
wa074546,kalamba,11,9,CM,50,80,2023,4.01,-21.16,0.3619,6.66,44.33,42.76,4.91,12.910004
wa074547,kalamba,11,9,CM,80,110,2023,4.17,-18.13,0.4234,6.39,39.48,48.01,8.33,12.510002
wa074548,kalamba,11,10,CM,0,20,2023,8.11,-16.89,0.7057,5.74,45.77,39.84,11.76,14.389999
wa074549,kalamba,11,10,CM,20,50,2023,5.88,-15.73,0.545,5.67,36.33,49.8,17.16,13.869995
wa074550,kalamba,11,10,CM,50,80,2023,3.58,-18.05,0.4153,6.86,40.17,44.97,26.96,14.860001
wa074551,kalamba,11,10,CM,80,110,2023,4.74,-19.44,0.2764,8.02,17.3,51.9,53.78,30.800003
wa074552,kalamba,11,13,CM,0,20,2023,8.66,-21.2,0.8097,6.46,27.08,40.94,11.08,31.980003
wa074553,kalamba,11,13,CM,20,50,2023,6.77,-17.99,0.6351,6.41,19.65,47.33,13.41,33.019997
wa074554,kalamba,11,13,CM,50,80,2023,4.22,-18.46,0.5395,6.39,26.6,44.36,9.22,29.04
wa074555,kalamba,11,14,CM,0,20,2023,5.45,-21.0,0.7038,6.89,43.37,33.15,8.38,23.479996
wa074556,kalamba,11,14,CM,20,50,2023,5.07,-18.18,0.643,6.91,33.28,47.11,10.6,19.61
wa074557,kalamba,12,1,CM,0,20,2023,12.44,-17.9,0.8379,5.79,8.86,86.72,9.16,4.419998
wa074558,kalamba,12,1,CM,20,50,2023,7.07,-17.04,0.7099,5.62,12.64,77.59,8.55,9.770004
wa074559,kalamba,12,1,CM,50,80,2023,3.96,-15.75,0.6083,5.66,13.19,79.68,9.05,7.1299973
wa074560,kalamba,12,1,CM,80,110,2023,3.23,-15.73,0.5361,5.86,15.51,78.66,10.56,5.829994
wa074561,kalamba,12,2,CM,0,20,2023,5.77,-23.11,0.6552,6.41,41.06,30.83,6.58,28.11
wa074562,kalamba,12,2,CM,20,50,2023,3.13,-21.51,0.3396,5.92,52.76,21.91,3.25,25.330002
wa074563,kalamba,12,2,CM,50,80,2023,2.16,-21.98,0.2032,6.73,63.06,17.09,2.53,19.849998
wa074564,kalamba,12,3,CM,0,20,2023,9.73,-20.35,0.7507,6.93,23.45,55.48,13.24,21.07
wa074565,kalamba,12,3,CM,20,50,2023,6.17,-16.63,0.5168,6.59,18.94,75.91,11.25,5.149994
wa074566,kalamba,12,3,CM,50,80,2023,2.55,-17.02,0.3808,5.91,23.39,57.58,8.84,19.029999
wa074567,kalamba,12,3,CM,80,110,2023,3.74,-17.31,0.4641,6.05,15.3,67.09,10.92,17.61
wa074568,kalamba,12,4,CM,0,20,2023,7.33,-23.78,0.8269,6.97,41.74,29.54,10.45,28.720001
wa074569,kalamba,12,4,CM,20,50,2023,3.12,-23.06,0.2607,6.15,59.81,15.72,2.62,24.470001
wa074570,kalamba,12,4,CM,50,80,2023,2.14,-22.31,0.1976,6.19,58.02,22.32,2.56,19.660004
wa074571,kalamba,12,5,CM,0,20,2023,10.72,-19.97,0.8873,6.19,40.54,39.52,10.61,19.940002
wa074572,kalamba,12,5,CM,20,50,2023,9.41,-18.38,0.7507,6.31,26.8,47.72,12.22,25.479996
wa074573,kalamba,12,6,CM,0,20,2023,8.52,-20.39,0.6174,6.1,36.1,49.47,8.73,14.43
wa074574,kalamba,12,6,CM,20,50,2023,7.56,-17.63,0.6464,5.92,21.82,59.38,8.94,18.800003
wa074575,kalamba,12,7,CM,0,20,2023,6.98,-20.67,0.7723,6.44,40.29,38.69,9.95,21.020004
wa074576,kalamba,12,7,CM,20,50,2023,8.74,-19.04,0.7667,6.32,41.11,41.95,10.89,16.940002
wa074577,kalamba,12,7,CM,50,80,2023,6.9,-18.74,0.6342,6.2,32.76,50.83,11.35,16.410004
wa074578,kalamba,12,7,CM,80,110,2023,4.91,-17.57,0.495,5.94,38.86,48.02,8.43,13.119995
wa074579,kalamba,12,8,CM,0,20,2023,8.71,-21.33,0.9092,6.67,33.4,41.56,8.66,25.039993
wa074580,kalamba,12,8,CM,20,50,2023,6.91,-19.02,0.7243,6.29,25.57,48.77,9.66,25.660004
wa074581,kalamba,12,8,CM,50,80,2023,4.94,-20.0,0.5234,6.51,40.18,45.68,7.58,14.139999
wa074582,kalamba,12,8,CM,80,110,2023,5.19,-19.32,0.4959,6.27,29.9,46.75,9.55,23.349998
wa074583,kalamba,12,9,CM,0,20,2023,17.05,-24.29,1.5484,7.13,23.99,49.05,16.05,26.96
wa074584,kalamba,12,9,CM,20,45,2023,9.44,-22.34,1.025,6.87,23.22,49.34,12.79,27.440002
wa074585,kalamba,12,10,CM,0,20,2023,6.07,-20.43,0.7676,6.76,39.7,35.37,8.01,24.93
wa074586,kalamba,12,10,CM,20,50,2023,5.33,-19.06,0.6988,6.32,34.67,40.02,7.77,25.309998
wa074587,kalamba,13,1,CM,0,20,2023,9.43,-20.3,1.2852,6.4,34.71,26.6,11.37,38.690002
wa074588,kalamba,13,1,CM,20,50,2023,8.46,-19.99,0.9123,6.25,40.61,30.64,10.48,28.75
wa074589,kalamba,13,1,CM,50,80,2023,4.29,-20.48,0.6481,6.22,40.96,20.21,8.93,38.83
wa074590,kalamba,13,1,CM,80,110,2023,1.71,-24.52,0.275,6.57,40.28,20.98,10.12,38.74
wa074591,kalamba,13,2,CM,0,20,2023,9.62,-21.8,0.9913,6.13,33.72,51.4,12.76,14.879997
wa074592,kalamba,13,2,CM,20,50,2023,9.29,-16.01,0.959,6.05,18.8,57.27,9.58,23.93
wa074593,kalamba,13,3,CM,0,20,2023,5.22,-19.63,0.4325,6.25,30.92,40.1,5.97,28.980003
wa074594,kalamba,13,3,CM,20,50,2023,8.25,-19.33,0.8679,5.92,36.35,38.07,8.7,25.580002
wa074595,kalamba,13,3,CM,50,80,2023,4.04,-17.35,0.4678,5.87,27.44,53.66,7.17,18.900002
wa074596,kalamba,13,3,CM,80,110,2023,4.29,-18.44,0.624,6.0,43.24,31.25,7.55,25.509995
wa074597,kalamba,13,4,CM,0,20,2023,7.11,-20.61,0.5783,6.31,28.35,32.82,19.62,38.83
wa074598,kalamba,13,4,CM,20,50,2023,1.37,-23.66,0.2707,6.43,33.42,21.76,10.48,44.82
wa074599,kalamba,13,7,CM,0,20,2023,9.76,-18.05,0.9207,6.19,21.26,57.11,12.15,21.629997
wa074600,kalamba,13,7,CM,20,50,2023,6.99,-14.35,0.6201,5.95,20.95,68.48,11.77,10.569992
wa074601,kalamba,13,8,CM,0,20,2023,10.84,-23.0,1.2806,6.39,44.17,27.92,11.62,27.910004
wa074602,kalamba,13,8,CM,20,50,2023,7.07,-17.79,0.7234,6.29,46.67,34.11,8.45,19.220001
wa074603,kalamba,13,9,CM,0,20,2023,7.85,-21.78,0.8183,6.39,40.69,34.06,6.95,25.25
wa074604,kalamba,13,9,CM,20,50,2023,3.82,-21.92,0.4369,6.57,37.27,41.05,5.84,21.68
wa074605,kalamba,13,9,CM,50,80,2023,3.29,-23.67,0.1895,6.56,39.24,30.83,6.33,29.93
wa074606,kalamba,13,10,CM,20,50,2023,4.24,-17.93,0.5081,5.67,38.42,41.4,6.52,20.18
wa074607,kalamba,13,10,CM,80,110,2023,3.12,-18.39,0.3643,5.77,37.17,47.43,5.24,15.400002
wa074608,kalamba,14,2,CM,0,20,2023,7.68,-23.8,0.9538,5.91,40.92,26.44,6.58,32.64
wa074609,kalamba,14,2,CM,20,50,2023,6.62,-22.84,0.8234,5.9,38.36,28.86,9.95,32.78
wa074610,kalamba,14,2,CM,50,80,2023,6.64,-19.16,0.8194,5.9,36.28,32.73,9.82,30.990005
wa074611,kalamba,14,2,CM,80,110,2023,5.16,-20.21,0.9705,6.12,36.02,39.45,11.61,24.529999
wa074612,kalamba,14,3,CM,0,20,2023,9.39,-24.58,1.552,6.06,35.71,23.88,12.27,40.410004
wa074613,kalamba,14,3,CM,20,50,2023,5.28,-23.3,0.7958,5.74,41.8,20.71,6.67,37.49
wa074614,kalamba,14,5,CM,0,20,2023,8.84,-16.24,1.0879,5.54,29.24,54.12,13.0,16.64
wa074615,kalamba,14,5,CM,20,50,2023,8.22,-15.86,0.9621,5.92,20.86,61.21,14.48,17.93
wa074616,kalamba,14,5,CM,50,80,2023,6.1,-22.06,0.5017,6.49,28.22,41.53,20.11,30.25
wa074617,kalamba,14,6,CM,0,20,2023,12.9,-23.6,0.9434,7.99,27.72,57.48,24.08,14.800003
wa074618,kalamba,14,6,CM,20,50,2023,8.94,-17.84,0.6656,7.43,19.2,66.97,10.88,13.830002
wa074619,kalamba,14,6,CM,50,80,2023,5.17,-15.46,0.5305,6.6,23.61,71.49,7.37,4.9000015
wa074620,kalamba,14,6,CM,80,110,2023,5.03,-16.39,0.3922,5.75,26.81,60.01,5.76,13.18
wa074621,kalamba,14,7,CM,0,20,2023,7.23,-16.56,0.6352,5.92,39.5,35.89,11.96,24.61
wa074622,kalamba,14,7,CM,20,50,2023,7.81,-15.68,0.6233,5.79,41.05,37.21,12.07,21.740005
wa074623,kalamba,14,7,CM,50,80,2023,7.04,-15.74,0.6378,6.09,38.75,37.87,15.21,23.380005
wa074624,kalamba,14,7,CM,80,110,2023,4.54,-18.08,0.4843,6.41,39.16,32.32,10.01,28.520004
wa074625,kalamba,14,12,CM,0,20,2023,9.97,-19.05,0.949,5.69,34.98,50.11,7.29,14.910004
wa074626,kalamba,14,12,CM,20,40,2023,10.43,-16.74,0.8113,5.6,24.52,56.72,10.3,18.759995
wa074627,kalamba,15,1,CM,0,20,2023,7.96,-21.47,0.7221,5.72,39.28,39.55,3.64,21.169998
wa074628,kalamba,15,1,CM,20,50,2023,4.84,-18.48,0.5033,5.19,30.24,48.59,3.1,21.169998
wa074629,kalamba,15,1,CM,50,80,2023,3.63,-19.44,0.3782,5.44,22.43,58.91,4.57,18.660004
wa074630,kalamba,15,1,CM,80,98,2023,2.78,-19.23,0.339,5.33,24.42,51.79,3.91,23.79
wa074631,kalamba,15,2,CM,0,20,2023,16.8,-22.77,1.4449,6.83,40.19,38.11,12.42,21.699997
wa074632,kalamba,15,2,CM,20,50,2023,10.32,-20.08,0.5746,6.23,28.81,50.21,8.57,20.980003
wa074633,kalamba,15,3,CM,0,20,2023,6.03,-19.6,0.6632,5.49,40.49,35.72,3.09,23.789993
wa074634,kalamba,15,3,CM,20,50,2023,4.81,-17.45,0.6244,5.52,35.24,43.07,3.25,21.690002
wa074635,kalamba,15,3,CM,50,80,2023,4.17,-17.93,0.4439,5.43,40.31,41.97,3.13,17.720001
wa074636,kalamba,15,4,CM,0,20,2023,11.17,-19.84,1.396,5.9,35.09,30.46,8.24,34.449997
wa074637,kalamba,15,4,CM,20,50,2023,9.81,-18.83,1.2142,5.42,25.62,43.29,7.76,31.089996
wa074638,kalamba,15,4,CM,50,80,2023,4.82,-19.19,0.5053,6.23,31.12,35.16,7.5,33.72
wa074639,kalamba,15,4,CM,80,110,2023,4.99,-18.74,0.4489,6.59,30.48,34.4,7.74,35.119995
wa074640,kalamba,15,8,CM,0,20,2023,4.26,-18.08,0.4908,5.76,19.35,59.21,4.95,21.440002
wa074641,kalamba,15,8,CM,20,50,2023,3.41,-18.43,0.3299,5.65,25.97,53.86,4.23,20.169998
wa074642,kalamba,15,9,CM,0,20,2023,7.47,-21.59,0.5934,6.12,40.24,39.53,3.34,20.229996
wa074643,kalamba,15,9,CM,20,50,2023,5.42,-21.77,0.5151,6.04,39.1,40.57,3.18,20.330002
wa074644,kalamba,15,10,CM,0,20,2023,10.97,-20.13,1.0901,6.56,36.55,40.22,7.98,23.229996
wa074645,kalamba,15,10,CM,20,50,2023,8.64,-18.6,0.7103,5.72,32.66,42.79,4.66,24.550003
wa074646,kalamba,15,10,CM,50,80,2023,3.94,-19.14,0.3457,6.4,28.93,45.54,6.21,25.529999
wa074647,kalamba,15,10,CM,80,110,2023,3.86,-20.15,0.2663,6.36,32.15,36.86,5.2,30.989998
wa074648,kalamba,16,1,CM,0,20,2023,9.87,-18.98,0.9665,5.76,42.2,30.27,9.08,27.529999
wa074649,kalamba,16,1,CM,20,50,2023,8.14,-16.86,0.7281,5.7,41.46,41.22,12.4,17.32
wa074650,kalamba,16,2,CM,0,20,2023,6.54,-23.26,0.6578,6.47,47.07,25.73,6.46,27.199997
wa074651,kalamba,16,2,CM,20,50,2023,3.96,-21.68,0.4735,6.01,40.78,28.12,5.93,31.099998
wa074652,kalamba,16,2,CM,50,80,2023,2.95,-23.02,0.2091,6.61,43.59,21.92,7.18,34.489998
wa074653,kalamba,16,2,CM,80,110,2023,2.97,-24.54,0.206,6.88,57.92,19.21,6.7,22.870003
wa074654,kalamba,16,3,CM,0,20,2023,8.27,-22.15,0.7236,6.17,39.9,24.81,11.54,35.29
wa074655,kalamba,16,3,CM,20,50,2023,3.23,-21.33,0.4438,6.17,43.16,27.17,8.82,29.669998
wa074656,kalamba,16,3,CM,50,80,2023,2.67,-19.65,0.2366,6.54,55.17,24.87,6.76,19.96
wa074657,kalamba,16,3,CM,80,86,2023,2.8,-21.61,0.1814,6.37,68.13,17.84,3.12,14.029999
wa074658,kalamba,16,4,CM,0,20,2023,8.47,-22.7,1.0435,5.74,36.25,26.31,6.52,37.440002
wa074659,kalamba,16,4,CM,20,50,2023,4.17,-18.62,0.7774,5.94,41.77,38.68,9.72,19.550003
wa074660,kalamba,16,4,CM,50,80,2023,2.48,-22.19,0.2823,6.97,27.45,33.54,15.78,39.01
wa074661,kalamba,16,5,CM,0,20,2023,11.73,-20.09,1.2262,5.99,42.24,30.0,13.71,27.759995
wa074662,kalamba,16,5,CM,20,50,2023,5.67,-18.53,0.554,5.95,43.33,34.34,13.73,22.330002
wa074663,kalamba,16,6,CM,0,20,2023,9.38,-20.67,0.984,5.87,41.42,33.21,9.27,25.370003
wa074664,kalamba,16,6,CM,20,50,2023,5.18,-19.88,0.5601,5.54,41.26,39.45,6.51,19.29
wa074665,kalamba,16,6,CM,50,80,2023,4.5,-18.48,0.5345,5.3,31.5,36.8,6.13,31.699997
wa074666,kalamba,16,6,CM,80,110,2023,4.84,-19.19,0.3381,5.86,14.47,39.0,9.05,46.53
wa074667,kalamba,16,7,CM,0,20,2023,8.66,-20.23,0.6446,6.23,27.89,33.0,11.4,39.11
wa074668,kalamba,16,7,CM,20,50,2023,8.39,-17.12,0.4997,6.23,32.26,31.33,13.63,36.410004
wa074669,kalamba,16,7,CM,50,80,2023,7.5,-16.91,0.5002,6.13,29.79,33.85,16.04,36.36
wa074670,kalamba,16,7,CM,80,110,2023,10.05,-16.95,0.6953,5.96,27.79,36.0,22.45,36.21
wa074671,kalamba,16,8,CM,0,20,2023,6.24,-17.89,0.5746,5.79,30.92,58.68,6.61,10.400002
wa074672,kalamba,16,8,CM,20,50,2023,4.69,-17.6,0.5301,5.3,21.31,62.3,6.28,16.39
wa074673,kalamba,16,8,CM,50,80,2023,3.64,-17.31,0.4305,5.43,22.11,58.98,5.15,18.910004
wa074674,kalamba,16,8,CM,80,110,2023,3.57,-18.25,0.3839,5.74,30.39,60.72,6.09,8.889999
wa074675,kalamba,16,9,CM,0,20,2023,6.94,-15.76,0.7813,5.16,32.69,45.13,14.88,22.18
wa074676,kalamba,16,9,CM,20,50,2023,11.67,-22.32,1.2494,4.86,38.14,31.55,6.92,30.309998
wa074677,kalamba,16,9,CM,50,80,2023,2.27,-23.09,0.3543,6.85,33.48,27.7,8.92,38.82
